Brand,Description,Price,Size,Volume,Classification,PurchasePrice,VendorNumber,VendorName
21103,Farnum Hill Dooryard Still,11.99,750mL,750,2,7.89,90027,POVERTY LANE ORCHARDS      
5253,Kahlua Original Mudslide RTD,15.99,1750mL,1750,1,11.84,17035,PERNOD RICARD USA          
36047,Leeuwin Siblings Svgn Bl/Sem,21.99,750mL,750,2,14.86,4425,MARTIGNETTI COMPANIES
22703,Carne Humana Red,34.99,750mL,750,2,23.33,4425,MARTIGNETTI COMPANIES
32107,Erath Pnt Gris Ore,12.99,750mL,750,2,8.27,8673,STE MICHELLE WINE ESTATES  
2025,J Seeds Apple Cider Whiskey,18.99,750mL,750,1,13.56,9165,ULTRA BEVERAGE COMPANY LLP 
2119,Glendalough 13 Yr Sngle Malt,89.99,750mL,750,1,66.4,388,ATLANTIC IMPORTING COMPANY 
26345,A to Z Rose,16.99,750mL,750,2,11.4,9165,ULTRA BEVERAGE COMPANY LLP 
24451,Llopart Rose Cava Brut Rsva,24.99,750mL,750,2,15.12,9552,M S WALKER INC             
20334,Drouet Freres Svgn Bl,10.99,750mL,750,2,7.48,90047,CRUSH WINES                
17322,Cortijo Rosado Rioja,13.99,750mL,750,2,9.2,7749,R.P.IMPORTS INC            
24237,Ironside Red Blend,14.99,750mL,750,2,10.06,4950,LATITUDE BEVERAGE COMPANY  
551,Cruzan Aged Light Rum,10.99,750mL,750,1,8.59,12546,JIM BEAM BRANDS COMPANY    
2572,Tatoosh Whiskey,50.99,750mL,750,1,36.42,90011,FORTUNE WINE BROKERS LLC   
18733,Antinori Villa Chianti Class,26.99,750mL,750,2,18.49,8673,STE MICHELLE WINE ESTATES  
25588,High Valley Znfdl,29.99,750mL,750,2,20.26,2000,SOUTHERN WINE & SPIRITS NE 
24430,Eden Ice Sprklng Cider Semi,9.49,375mL,375,2,5.74,90047,CRUSH WINES                
23973,Catena RSV Cab Svgn,15.99,750mL,750,2,10.38,9552,M S WALKER INC             
9358,KAH Reposado Tequila,54.99,750mL,750,1,41.98,9165,ULTRA BEVERAGE COMPANY LLP 
385,Leopold GourmelAge Des Epic,447.99,750mL,750,1,327.0,4425,MARTIGNETTI COMPANIES
6608,Patron Roca Anejo Tequila,89.99,750mL,750,1,62.96,9165,ULTRA BEVERAGE COMPANY LLP 
21123,Southern Right Svgn Bl,11.99,750mL,750,2,7.99,4425,MARTIGNETTI COMPANIES
11190,Boillot & Fils Gvry-Chambrtn,73.99,750mL,750,2,48.05,4425,MARTIGNETTI COMPANIES
20376,Duval-Leroy Prestige Rose,25.99,375mL,375,2,11.99,9165,ULTRA BEVERAGE COMPANY LLP 
27826,Jadot Chass Mont Morgeot Rou,48.99,750mL,750,2,33.33,4692,KOBRAND CORPORATION        
20056,Ch Rauzan-Segla 10 Brdx,209.99,750mL,750,2,139.07,2000,SOUTHERN WINE & SPIRITS NE 
24882,Boones Strawberry Hill,2.99,750mL,750,2,1.94,3252,E & J GALLO WINERY         
22966,Adelsheim Auxerrois Ribbon S,21.99,750mL,750,2,14.86,9552,M S WALKER INC             
20995,Grape & Vine Merlot,3.29,750mL,750,2,2.14,9815,WINE GROUP INC             
2988,Sauza 901 Silver Tequila,24.99,750mL,750,1,18.51,12546,JIM BEAM BRANDS COMPANY    
7439,New Amsterdam Red Berry Vdka,11.99,1000mL,1000,1,9.37,3252,E & J GALLO WINERY         
18454,Ninety+Cellars Lot 77 Moscto,11.99,750mL,750,2,8.16,4950,LATITUDE BEVERAGE COMPANY  
1952,Johnnie Walker Blue Yr Roost,249.99,750mL,750,1,183.82,3960,DIAGEO NORTH AMERICA INC   
1474,George Dickel #12 Sour Mash,25.99,750mL,750,1,19.84,3960,DIAGEO NORTH AMERICA INC   
38180,Rex Goliath Merlot,7.99,750mL,750,2,3.97,1392,CONSTELLATION BRANDS INC   
19556,Zorvino Bacca Z Blackberry,13.99,750mL,750,2,9.39,90058,ZORVINO VINEYARDS          
7974,Luxardo Sambuca Dei Cesari,24.99,750mL,750,1,19.37,9165,ULTRA BEVERAGE COMPANY LLP 
23528,Santa Maria Alla Pieve Soave,13.99,750mL,750,2,9.08,9552,M S WALKER INC             
17984,Volpaia Citto Toscana,14.99,750mL,750,2,9.86,4425,MARTIGNETTI COMPANIES
13229,Cakebread Vine Hill Cab,99.99,750mL,750,2,67.56,4692,KOBRAND CORPORATION        
35665,Redwood Creek Chard Cal,6.29,750mL,750,2,4.11,3252,E & J GALLO WINERY         
34532,Dom Fontsainte Corbieres Gr,13.99,750mL,750,2,9.2,4425,MARTIGNETTI COMPANIES
6166,Casa Noble X Anejo C Santana,399.99,750mL,750,1,300.74,1392,CONSTELLATION BRANDS INC   
8692,Grey Goose VX,74.99,750mL,750,1,53.95,480,BACARDI USA INC            
25290,Notre Dame Cousignac CdR 13,9.99,750mL,750,2,6.89,9165,ULTRA BEVERAGE COMPANY LLP 
24294,La Gr Comtadine Vacqueyras C,19.99,750mL,750,2,12.98,4425,MARTIGNETTI COMPANIES
7485,M D 20/20,3.99,750mL,750,1,2.85,9815,WINE GROUP INC             
18756,Yellow Tail Pink Moscato,7.99,750mL,750,2,5.36,4425,MARTIGNETTI COMPANIES
652,Frangelico Gift Pack-Candle,21.99,750mL,750,1,16.41,11567,CAMPARI AMERICA            
3098,Three Olives Elvis Presley,10.99,750mL,750,1,8.52,7245,PROXIMO SPIRITS INC.       
206,Three Olives Vodka,17.99,1000mL,1000,1,12.94,7245,PROXIMO SPIRITS INC.       
23350,Lapierre Raisins 14 Gaulois,13.99,750mL,750,2,9.58,4425,MARTIGNETTI COMPANIES
27178,Ridge Monte Bello Chard,67.99,750mL,750,2,45.33,4425,MARTIGNETTI COMPANIES
40096,Black Box Cab Svgn,16.99,3000mL,3000,2,10.52,1392,CONSTELLATION BRANDS INC   
188,Capt Morgan Parrot Bay Mango,14.99,1000mL,1000,1,11.19,3960,DIAGEO NORTH AMERICA INC   
36138,Renzo Masi Chianti Rufina,10.99,750mL,750,2,7.38,10754,PERFECTA WINES             
19443,Cave de Tain St Joseph Red,29.99,750mL,750,2,14.33,10754,PERFECTA WINES             
27773,Jadot Nuits St Georges Les B,99.99,750mL,750,2,66.66,4692,KOBRAND CORPORATION        
19189,Castello di Meleto Chianti,14.99,750mL,750,2,9.93,9552,M S WALKER INC             
21374,10 Span Chard CC,7.49,750mL,750,2,5.13,9815,WINE GROUP INC             
27827,Jadot Cote de Nuits Vaucrain,32.99,750mL,750,2,21.56,4692,KOBRAND CORPORATION        
14385,Moillard Ch D'Eau Pnt Nr,15.99,750mL,750,2,10.59,10754,PERFECTA WINES             
23021,Jarhead Red,13.99,750mL,750,2,9.08,7153,PINE STATE TRADING CO      
6648,Marcus James Merlot Mendoza,8.99,1500mL,1500,2,5.15,1392,CONSTELLATION BRANDS INC   
5049,Smirnoff Tuscan Lemonade RTD,12.99,1750mL,1750,1,10.15,3960,DIAGEO NORTH AMERICA INC   
8424,1800 Coconut Tequila,21.99,750mL,750,1,16.29,7245,PROXIMO SPIRITS INC.       
5132,Agavero Tequila Liqueur,25.99,750mL,750,1,19.99,7245,PROXIMO SPIRITS INC.       
24014,Au Contraire Chard RRV,13.99,750mL,750,2,9.08,6785,PALM BAY INTERNATIONAL INC 
6873,Guigal Cotes du Rhone Red,14.99,750mL,750,2,9.2,4425,MARTIGNETTI COMPANIES
587,Malibu Mango Rum,16.99,1000mL,1000,1,12.49,17035,PERNOD RICARD USA          
2435,Crown Royal RSV,40.99,750mL,750,1,29.76,3960,DIAGEO NORTH AMERICA INC   
20186,Steele 10 Sangiacmo Vy Pnt N,29.99,750mL,750,2,12.33,9552,M S WALKER INC             
42256,Duboeuf Bjls Rd,9.49,187mL 4 Pk,187,2,3.48,4425,MARTIGNETTI COMPANIES
24092,Ch Pradeux Bandol Rouge,42.99,750mL,750,2,27.92,90010,VINEXTRA INC               
42264,Belle Glos Clark & Telephone,49.99,750mL,750,2,32.67,4425,MARTIGNETTI COMPANIES
20791,Belle Ambiance Pnt Grigio,7.99,750mL,750,2,5.4,2242,DELICATO VINEYARDS INC     
17177,Beringer Classic Merlot,7.99,1500mL,1500,2,5.45,9819,TREASURY WINE ESTATES      
15466,Mirassou Moscato,8.99,750mL,750,2,6.03,3252,E & J GALLO WINERY         
22833,Grady Family Vyds Cab Svgn,14.99,750mL,750,2,9.86,90047,CRUSH WINES                
20361,Pahlmeyer Sonoma Cst Pnt Nr,72.99,750mL,750,2,47.71,4425,MARTIGNETTI COMPANIES
5992,Kaikouzu Potato Shochu,34.99,750mL,750,1,26.51,10754,PERFECTA WINES             
21201,Bota Box Pnt Nr,17.99,3000mL,3000,2,11.4,2242,DELICATO VINEYARDS INC     
34525,Neyers Merlot Napa,31.99,750mL,750,2,16.54,4425,MARTIGNETTI COMPANIES
16317,Noble Vines 446 Chard Monter,10.99,750mL,750,2,7.58,2242,DELICATO VINEYARDS INC     
24856,Cantine Cantena Taurasi,29.99,750mL,750,2,20.68,3951,HIGHLAND WINE MERCHANTS LLC
25422,Conde de Valdemar Cosecha,7.99,750mL,750,2,5.26,4425,MARTIGNETTI COMPANIES
36523,Ch Macard Brdx Superieur,14.99,750mL,750,2,10.34,4425,MARTIGNETTI COMPANIES
8626,Ezra Brooks,15.99,1750mL,1750,1,11.67,8352,LUXCO INC                  
14652,Cambria Katherine Vyd Chard,15.99,750mL,750,2,10.59,9552,M S WALKER INC             
2531,WhistlePig 10 Yr Old Rye,63.99,750mL,750,1,46.37,10754,PERFECTA WINES             
2931,Hayman's Sloe Gin,26.99,750mL,750,1,19.28,653,STATE WINE & SPIRITS   
17500,Hob Nob Wicked Red,9.99,750mL,750,2,6.45,4425,MARTIGNETTI COMPANIES
36072,Ch Malartic-Lagraviere 10,114.49,750mL,750,2,52.9,10754,PERFECTA WINES             
4482,Don Pancho Origenes Rsva Rum,39.99,750mL,750,1,29.4,9165,ULTRA BEVERAGE COMPANY LLP 
34647,Terrazas Alto Malbec Argn,8.49,750mL,750,2,5.15,8112,MOET HENNESSY USA INC      
2727,Grand Macnish Black Edition,29.99,750mL,750,1,19.37,9552,M S WALKER INC             
162,Stolichnaya Vanil,22.99,1000mL,1000,1,18.39,8664,"STOLI GROUP,(USA) LLC      "
42949,Kuentz Bas Alsace White,13.99,750mL,750,2,9.45,4425,MARTIGNETTI COMPANIES
44780,Nicolis Valpo Seccal Ripasso,21.99,750mL,750,2,12.9,90024,VINILANDIA USA             
899,Absolut Mandrin,19.99,1000mL,1000,1,14.5,17035,PERNOD RICARD USA          
32137,F Coppola Diamond Znfd,15.99,750mL,750,2,9.39,2000,SOUTHERN WINE & SPIRITS NE 
912,Smirnoff Vanilla Vodka,14.49,1000mL,1000,1,11.15,3960,DIAGEO NORTH AMERICA INC   
5925,Pimms Blackberry & Elderflwr,17.99,750mL,750,1,14.05,3960,DIAGEO NORTH AMERICA INC   
13895,Mohua Pinot Noir,16.99,750mL,750,2,10.27,1587,VINEYARD BRANDS INC        
20552,Cafaggio Basilica Chianti Cl,13.99,750mL,750,2,9.58,90024,VINILANDIA USA             
7393,99 Blackberries,15.99,750mL,750,1,12.21,660,SAZERAC NORTH AMERICA INC. 
90014,Ch Giscours Margaux 12,61.99,750mL,750,2,40.78,1703,ALISA CARR BEVERAGES           
3933,New Amsterdam Vodka,0.99,50mL,50,1,0.73,3252,E & J GALLO WINERY         
3598,Ice Pik Vodka,13.99,750mL,750,1,10.21,8150,SEA HAGG DISTILLERY LLC    
17171,Riunite Sweet Red,4.99,750mL,750,2,3.35,516,BANFI PRODUCTS CORP        
38888,Justin Cab Svgn Paso Robles,27.99,750mL,750,2,16.88,9552,M S WALKER INC             
2788,Laphroaig 10 Yr Single Malt,44.99,750mL,750,1,31.24,12546,JIM BEAM BRANDS COMPANY    
18686,Moillard Chard Tradition,18.99,750mL,750,2,13.1,10754,PERFECTA WINES             
35414,Yellow Tail Shiraz Ausl,9.99,1500mL,1500,2,6.13,4425,MARTIGNETTI COMPANIES
24152,Grape Time Super Tuscan,13.49,750mL,750,2,9.24,90053,INCREDIBREW INC            
6633,Pinnacle Red Berry Vodka,12.99,750mL,750,1,6.88,12546,JIM BEAM BRANDS COMPANY    
23360,Ninety+Cellars Lot 35 Tempo,8.99,750mL,750,2,6.16,4950,LATITUDE BEVERAGE COMPANY  
27203,DeLoach Ethans Vyd Znfdl,12.99,750mL,750,2,8.84,4425,MARTIGNETTI COMPANIES
6681,Cakebread Svgn Bl,23.99,750mL,750,2,15.89,4692,KOBRAND CORPORATION        
20969,Ninety Cellars Lot 105 Chard,12.99,750mL,750,2,8.72,4950,LATITUDE BEVERAGE COMPANY  
29407,Wild Horse CC Merlot,14.99,750mL,750,2,10.33,1392,CONSTELLATION BRANDS INC   
20891,Legend of the Vine Cab Svgn,2.99,750mL,750,2,1.98,1590,DIAGEO CHATEAU ESTATE WINES
24993,Tardieu Laurent Le Becs Fins,18.99,750mL,750,2,12.92,4425,MARTIGNETTI COMPANIES
17132,Murphy-Goode Cab Svgn Alex V,21.99,750mL,750,2,14.66,9552,M S WALKER INC             
23147,Ch Floreal Laguens Brdx,13.99,750mL,750,2,7.99,10754,PERFECTA WINES             
4276,Goslings Gold Seal Rum,30.99,1750mL,1750,1,23.84,1485,CASTLE BRANDS CORP.        
27399,J Drouhin Hosp Bell Brouilly,22.99,750mL,750,2,15.64,4425,MARTIGNETTI COMPANIES
22298,Zorvino Vyds Sangiovese,12.49,750mL,750,2,8.06,90058,ZORVINO VINEYARDS          
11918,Ch de Beaucastel Pape Blanc,139.9,750mL,750,2,85.61,4425,MARTIGNETTI COMPANIES
11775,Diamond Creek Red Rock Cab S,224.99,750mL,750,2,149.99,4425,MARTIGNETTI COMPANIES
26847,Josh Cellars Craftsman Cab S,13.99,750mL,750,2,9.33,4425,MARTIGNETTI COMPANIES
4322,Cruzan Raspberry Flavord Rum,10.99,750mL,750,1,8.2,12546,JIM BEAM BRANDS COMPANY    
1987,White Mountain Moonshine,18.99,375mL,375,1,13.66,17031,FLAG HILL WINERY & VINEYARD
23351,Renwood California Znfdl,10.99,750mL,750,2,4.89,4425,MARTIGNETTI COMPANIES
12415,Callia Alta Pnt Grigio,8.99,750mL,750,2,6.12,6785,PALM BAY INTERNATIONAL INC 
11314,Sterling Svgn Bl Organic Men,13.99,750mL,750,2,9.39,3960,DIAGEO NORTH AMERICA INC   
1789,Jack Daniels Tennesse Fire,22.99,750mL,750,1,17.16,1128,BROWN-FORMAN CORP          
46763,Clayhouse Svgn Bl Paso Roble,11.99,750mL,750,2,8.05,4425,MARTIGNETTI COMPANIES
17789,Ponti Sweet Vermouth,5.79,1000mL,1000,2,3.76,5612,MILTONS DISTRIBUTING CO    
5526,Parrot Bay Blender Mudslide,13.99,1750mL,1750,1,10.21,3960,DIAGEO NORTH AMERICA INC   
38953,Aldial Naia Rueda White,11.99,750mL,750,2,8.27,9552,M S WALKER INC             
22490,Can Blau Tinto Montsant,15.99,750mL,750,2,10.59,9552,M S WALKER INC             
24001,Lee Family Farm Rio Tinto S,16.99,750mL,750,2,11.64,10754,PERFECTA WINES             
2147,Meletti Amaro,17.99,750mL,750,1,14.39,9165,ULTRA BEVERAGE COMPANY LLP 
44620,A to Z Ore Chard,15.99,750mL,750,2,10.73,9165,ULTRA BEVERAGE COMPANY LLP 
21001,Bonpas Cote du Rhone Rouge R,11.99,750mL,750,2,7.38,10754,PERFECTA WINES             
43124,Gekkeikan Nigori Sake,5.99,300mL,300,2,4.1,8320,SHAW ROSS INT L IMP LTD    
5015,Arrow Creme de Banana,7.99,750mL,750,1,5.88,8352,LUXCO INC                  
44121,Staglin Salus Cab Svgn,44.99,750mL,750,2,29.03,4425,MARTIGNETTI COMPANIES
5133,E&J Apple Brandy,12.99,750mL,750,1,7.14,3252,E & J GALLO WINERY         
26730,Hecht & Bannier Langudc Rose,14.99,750mL,750,2,9.86,9744,FREDERICK WILDMAN & SONS   
18382,2 Copas Spain Red,9.99,750mL,750,2,6.8,7153,PINE STATE TRADING CO      
2823,The Macallan MOP,1499.99,375mL,375,1,1111.1,2561,EDRINGTON AMERICAS         
20537,The Pass Svgn Bl,8.99,750mL,750,2,5.8,5612,MILTONS DISTRIBUTING CO    
23286,Ch Pape Clement Bl Gr Cru 11,199.99,750mL,750,2,132.44,2000,SOUTHERN WINE & SPIRITS NE 
18600,Perrier Jouet Belle Epoque,121.99,750mL,750,2,72.72,17035,PERNOD RICARD USA          
3402,Pinnacle Vanilla,12.99,750mL,750,1,10.31,12546,JIM BEAM BRANDS COMPANY    
8620,Sambuca Romana,11.99,375mL,375,1,8.75,3960,DIAGEO NORTH AMERICA INC   
22472,Achaval Ferrer Cab Svgn,22.99,750mL,750,2,15.03,8664,"STOLI GROUP,(USA) LLC      "
41899,Marietta Old Vine Cve Cal Rd,12.99,750mL,750,2,8.21,7153,PINE STATE TRADING CO      
14628,Tisdale Vyds Sweet Red,3.99,750mL,750,2,2.57,3252,E & J GALLO WINERY         
1657,Dalwhinnie Distillers Edtion,69.99,750mL,750,1,51.46,3960,DIAGEO NORTH AMERICA INC   
22904,Mercer Canyons Cab Svgn,16.99,750mL,750,2,11.25,9165,ULTRA BEVERAGE COMPANY LLP 
1028,Amaretto di Amore VAP,7.99,750mL,750,1,5.71,660,SAZERAC NORTH AMERICA INC. 
21144,Cherry Tart Pnt Nr,18.99,750mL,750,2,12.49,4425,MARTIGNETTI COMPANIES
20000,Soter Vyds Planet Oregon Pnt,20.99,750mL,750,2,7.18,4425,MARTIGNETTI COMPANIES
46929,Lindemans Bin 85 Pnt Grigio,9.99,750mL,750,2,6.8,4425,MARTIGNETTI COMPANIES
17147,Honeymaker Lavender Mead,14.99,750mL,750,2,9.03,9165,ULTRA BEVERAGE COMPANY LLP 
8173,Amarula Cream Liqueur,17.99,750mL,750,1,14.28,9165,ULTRA BEVERAGE COMPANY LLP 
586,Malibu Passion Fruit Rum,16.99,1000mL,1000,1,13.59,17035,PERNOD RICARD USA          
734,Old Grand Dad,17.99,750mL,750,1,13.63,12546,JIM BEAM BRANDS COMPANY    
3239,Seagram's Red Berry Vodka,9.99,750mL,750,1,7.8,9165,ULTRA BEVERAGE COMPANY LLP 
20463,Hardys William Hardy Shiraz,9.99,750mL,750,2,6.75,2000,SOUTHERN WINE & SPIRITS NE 
25652,Red Autumn Red,10.99,750mL,750,2,7.38,10754,PERFECTA WINES             
32809,Flag Hill Marechal Foch NH,12.99,750mL,750,2,8.78,17031,FLAG HILL WINERY & VINEYARD
19126,Delas Cotes du Rhone,12.99,750mL,750,2,8.44,2000,SOUTHERN WINE & SPIRITS NE 
12449,St Clement Cab Svgn Orappas,55.49,750mL,750,2,38.27,9819,TREASURY WINE ESTATES      
21313,Kedem Concord Grape Kosher,5.99,750mL,750,2,3.92,9165,ULTRA BEVERAGE COMPANY LLP 
38110,Canyon Oaks Wh Znfdl Cal,5.99,750mL,750,2,3.99,10754,PERFECTA WINES             
16889,The Seeker Malbec,11.99,750mL,750,2,7.79,4692,KOBRAND CORPORATION        
25818,Fitou Rsv 14,9.99,750mL,750,2,6.66,9165,ULTRA BEVERAGE COMPANY LLP 
444,Absolut Berri Acai,21.99,1000mL,1000,1,14.81,17035,PERNOD RICARD USA          
2103,Coldcock American Herbal Whi,21.99,750mL,750,1,14.95,4425,MARTIGNETTI COMPANIES
25375,Sella & Mosca Vermentino Ca,9.99,750mL,750,2,6.66,6785,PALM BAY INTERNATIONAL INC 
6245,Blossom Hill Chard,10.99,1500mL,1500,2,7.58,1590,DIAGEO CHATEAU ESTATE WINES
22407,Three Wishes Chard,3.29,750mL,750,2,2.25,9815,WINE GROUP INC             
950,Mastersons 10 Yr Old Rye,79.99,750mL,750,1,58.82,653,STATE WINE & SPIRITS   
15932,Fuglini Rosso Montalcino 09,21.99,750mL,750,2,15.06,4425,MARTIGNETTI COMPANIES
29371,Merryvale Starmont Cab Svgn,28.99,750mL,750,2,18.66,4425,MARTIGNETTI COMPANIES
21045,Eden Ice Cider Honey Crisp,27.99,375mL,375,2,17.56,90047,CRUSH WINES                
2975,Bird Dog Blackberry Whiskey,14.99,750mL,750,1,11.32,9625,WESTERN SPIRITS BEVERAGE CO
601,McCormick Vodka,6.99,1000mL,1000,1,5.38,5992,MCCORMICK DISTILLING CO    
1158,Old New England Choc Egg Nog,6.99,750mL,750,1,5.34,9552,M S WALKER INC             
2858,Royal Thistle Scotch,16.99,750mL,750,1,13.38,7153,PINE STATE TRADING CO      
18875,Di Padrino Dry Vermouth,7.99,1500mL,1500,2,5.15,8004,SAZERAC CO INC             
20955,Pacific Rim Dry Rsl,4.99,750mL,750,2,3.37,9165,ULTRA BEVERAGE COMPANY LLP 
3610,Smirnoff Cranberry Vodka,10.99,750mL,750,1,8.26,3960,DIAGEO NORTH AMERICA INC   
24590,Dominios Rueda,6.99,750mL,750,2,4.69,90024,VINILANDIA USA             
26169,Louis Latour 13 Pnt Nr Bourg,13.99,750mL,750,2,9.33,9552,M S WALKER INC             
6460,Columbia Crest Two Vns Chard,6.99,750mL,750,2,4.76,8673,STE MICHELLE WINE ESTATES  
42421,Firesteed Pnt Gris Ore,13.99,750mL,750,2,7.74,10754,PERFECTA WINES             
17471,Loukatos Mavrodaphne Patras,10.49,750mL,750,2,7.14,12331,STELLAR IMPORTING CO LLC   
41978,Ridge Santa Cruz Mt Chard,47.99,750mL,750,2,32.65,4425,MARTIGNETTI COMPANIES
2163,Sloane's Gin,24.99,750mL,750,1,14.38,90037,THE PIERPONT GROUP LLC     
16239,Domino Cab Svgn,4.99,750mL,750,2,3.37,2242,DELICATO VINEYARDS INC     
18557,My Big Fat Greek Retsina,9.99,750mL,750,2,5.91,10754,PERFECTA WINES             
18095,Layer Cake Garnacha,15.99,750mL,750,2,10.38,4425,MARTIGNETTI COMPANIES
24123,Garnacha de Fuego 14 Rose Ar,9.99,750mL,750,2,6.53,9552,M S WALKER INC             
36571,Matanzas Creek Chard Sonoma,25.99,750mL,750,2,16.33,9552,M S WALKER INC             
37786,Lindemans Bin 45 Cab Svgn,9.99,1500mL,1500,2,6.45,4425,MARTIGNETTI COMPANIES
2910,Full Throttle Vanila Whiskey,19.99,750mL,750,1,14.7,653,STATE WINE & SPIRITS   
1269,Jeffersons Bourbon,25.99,750mL,750,1,19.11,1485,CASTLE BRANDS CORP.        
24987,Rock Wall 12 Monte Rosso Znf,39.99,750mL,750,2,25.97,9552,M S WALKER INC             
3805,Cuervo Silver Rolling Stones,14.99,750mL,750,1,11.19,7245,PROXIMO SPIRITS INC.       
23987,Gerard Bertrand 14 Gris Bl,12.99,750mL,750,2,8.6,9552,M S WALKER INC             
19164,Tracia Malbec,6.49,750mL,750,2,3.99,9165,ULTRA BEVERAGE COMPANY LLP 
14635,Marcarini Ciabot Camerano,16.99,750mL,750,2,11.56,4425,MARTIGNETTI COMPANIES
2443,Seagrams VO,16.99,1750mL,1750,1,13.48,3960,DIAGEO NORTH AMERICA INC   
6445,Dubonnet Bl,10.99,750mL,750,2,7.58,3924,HEAVEN HILL DISTILLERIES   
43785,Newton Merlot Napa Unfilterd,36.99,750mL,750,2,24.34,8112,MOET HENNESSY USA INC      
37235,Mionetto Il Prosecco Spklg,11.99,750mL,750,2,8.1,9552,M S WALKER INC             
23436,Dom R Bouvier Marsny Rose 14,18.99,750mL,750,2,12.41,4425,MARTIGNETTI COMPANIES
17933,Camp Meeting Ridge Pnt Nr,92.99,750mL,750,2,64.13,4425,MARTIGNETTI COMPANIES
24725,Nozzole Vineto Il Pareto,62.99,750mL,750,2,40.9,4692,KOBRAND CORPORATION        
43131,Carpano Antica Formula,14.99,375mL,375,2,8.72,9165,ULTRA BEVERAGE COMPANY LLP 
12595,Yellow Tail Svgn Bl,7.99,750mL,750,2,5.36,4425,MARTIGNETTI COMPANIES
3303,Smirnoff Light Lemon Sorbet,0.99,50mL,50,1,0.74,3960,DIAGEO NORTH AMERICA INC   
6063,Avion Espresso,28.99,750mL,750,1,20.3,17035,PERNOD RICARD USA          
5250,DeKuyper Buttershots Trav,9.99,750mL,750,1,7.14,12546,JIM BEAM BRANDS COMPANY    
21708,Pegasus Bay Svgn Semillon,22.99,750mL,750,2,14.83,4425,MARTIGNETTI COMPANIES
21785,Ghostwriter Pnt Nr,28.99,750mL,750,2,19.59,1650,Circa Wines                
16670,Sweet Baby Vyds White Peach,11.99,750mL,750,2,8.27,90056,SWEET BABY VINEYARD        
17949,OneHope Cabernet Sauvignon,13.99,750mL,750,2,9.39,2000,SOUTHERN WINE & SPIRITS NE 
27901,Franzia Chard,6.99,1500ml,1500,2,4.79,9815,WINE GROUP INC             
13430,Agua de Piedra Malbec Selccn,11.99,750mL,750,2,5.91,7153,PINE STATE TRADING CO      
3848,Chicory Root Vodka,30.99,750mL,750,1,23.3,173357,TAMWORTH DISTILLING        
5075,Tuaca Italian Liqueur,21.99,750mL,750,1,15.03,1128,BROWN-FORMAN CORP          
12115,Long Lake Pnt Grigio Cal,5.99,750mL,750,2,3.99,9552,M S WALKER INC             
26344,A to Z Rsl,16.99,750mL,750,2,11.33,9165,ULTRA BEVERAGE COMPANY LLP 
924,Lombardo Marsala Ambra Dry,2.29,750mL,750,2,1.51,8320,SHAW ROSS INT L IMP LTD    
5283,Tippy Cow Vanilla Soft Serve,14.99,750mL,750,1,11.8,6213,MHW LTD                    
24378,Napa Highlands Meritage,9.99,750mL,750,2,6.84,9165,ULTRA BEVERAGE COMPANY LLP 
15477,Vietti Nebbiolo Perbacco DOC,24.99,750mL,750,2,16.66,9552,M S WALKER INC             
4040,Clement Select Barrel Rhum,24.99,750mL,750,1,17.98,9165,ULTRA BEVERAGE COMPANY LLP 
13958,Charles & Charles Red,11.99,750mL,750,2,7.18,8892,TRINCHERO FAMILY ESTATES   
27123,Alessio Chinato Vermouth,31.99,750mL,750,2,21.47,9165,ULTRA BEVERAGE COMPANY LLP 
2598,Firefly Apple Pie Moonshine,16.99,750mL,750,1,11.44,8004,SAZERAC CO INC             
37049,Argyle Willamette Pnt Nr,21.99,750mL,750,2,13.6,4425,MARTIGNETTI COMPANIES
1343,Jack Daniels Sinatra Select,165.99,1000mL,1000,1,122.96,1128,BROWN-FORMAN CORP          
11453,Hangtime Pnt Nr Cal,16.99,750mL,750,2,11.56,9165,ULTRA BEVERAGE COMPANY LLP 
15824,Nozzole Chianti Clsc RSV,18.99,750mL,750,2,10.73,4692,KOBRAND CORPORATION        
46043,I'm Wines Chard Sonoma Cnty,26.99,750mL,750,2,17.87,9165,ULTRA BEVERAGE COMPANY LLP 
2143,Canadian Mist,12.99,1750mL,1750,1,10.07,1128,BROWN-FORMAN CORP          
4904,Bayou Spiced Rum,19.99,750mL,750,1,15.38,1703,ALISA CARR BEVERAGES
21255,Renwood Grandpere Znfdl,15.99,750mL,750,2,10.59,4425,MARTIGNETTI COMPANIES
3439,Broker's London Dry Gin,16.99,750mL,750,1,13.48,5992,MCCORMICK DISTILLING CO    
16274,Vinum Cellars Chenin Blanc,14.49,750mL,750,2,9.99,1650,Circa Wines                
2184,Bonnie Rose Orange Peel,19.99,750mL,750,1,11.36,480,BACARDI USA INC            
4219,Commander Quincy's Rum Toddy,13.99,750mL,750,1,10.68,7153,PINE STATE TRADING CO      
12271,Caposaldo Prosecco Brut,14.99,750mL,750,2,8.66,4692,KOBRAND CORPORATION        
5629,RumChata Liqueur,8.99,300mL,300,1,7.02,6213,MHW LTD                    
12655,Merriam Cab Franc Windacre V,34.99,750mL,750,2,23.17,10754,PERFECTA WINES             
25753,Barefoot Refresh Summer Red,7.99,250mL 4 Pk,250,2,5.33,3252,E & J GALLO WINERY         
23402,Big Ass Cab Svgn,9.99,750mL,750,2,6.7,2242,DELICATO VINEYARDS INC     
22471,Dom Specht Rsl Alsace,16.99,750mL,750,2,11.48,90010,VINEXTRA INC               
3931,New Amsterdam Peach Vodka,0.99,50mL,50,1,0.79,3252,E & J GALLO WINERY         
15260,Barefoot Cellars Sweet Red,10.99,1500mL,1500,2,7.28,3252,E & J GALLO WINERY         
13392,Debauchery Cab Svgn,13.99,750mL,750,2,9.14,9165,ULTRA BEVERAGE COMPANY LLP 
16180,Skinnygirl Sangria,10.99,750mL,750,2,6.84,12546,JIM BEAM BRANDS COMPANY    
6062,Sauza Sprkl Mango/Peach Marg,6.99,750mL,750,1,5.1,12546,JIM BEAM BRANDS COMPANY    
3904,Svedka Cucumber Lime Vodka,0.99,50mL,50,1,0.71,1392,CONSTELLATION BRANDS INC   
16837,Beringer Classic Pink Moscat,5.99,750mL,750,2,3.42,9819,TREASURY WINE ESTATES      
10523,Ken Wright Savoya Pnt Nr,54.99,750mL,750,2,35.48,10754,PERFECTA WINES             
25071,Jadot Pommard 13,52.99,750mL,750,2,36.05,4692,KOBRAND CORPORATION        
13528,St Clement Carneros Chard,19.99,750mL,750,2,12.9,9819,TREASURY WINE ESTATES      
920,Sobieski Vodka,9.99,1000mL,1000,1,7.57,9552,M S WALKER INC             
17089,Hedges CMS Svgn Bl,11.99,750mL,750,2,7.99,4425,MARTIGNETTI COMPANIES
90082,Ch Brane Cantenac Margaux 11,64.99,750mL,750,2,41.93,1703,ALISA CARR BEVERAGES           
24874,Benziger Merlot,14.99,750mL,750,2,7.94,9815,WINE GROUP INC             
39512,Jacobs Crk Cab/Merlot,7.99,750mL,750,2,4.69,17035,PERNOD RICARD USA          
21027,Kinsella Est Cab Svgn 10,119.99,750mL,750,2,79.3,9165,ULTRA BEVERAGE COMPANY LLP 
10715,C Y Toro Privada Rsv Casa Di,14.99,750mL,750,2,9.14,516,BANFI PRODUCTS CORP        
757,Jim Beam Rye,17.99,750mL,750,1,13.95,12546,JIM BEAM BRANDS COMPANY    
27799,Ch de Sancerre Sancerre,26.99,750mL,750,2,17.41,4425,MARTIGNETTI COMPANIES
703,Skyy Infusions Citrus Vodka,16.49,1000mL,1000,1,11.78,11567,CAMPARI AMERICA            
2354,Rhetoric 21Yr Bourbon,99.99,750mL,750,1,77.51,3960,DIAGEO NORTH AMERICA INC   
22591,Ch Manos Cadillac,15.99,375mL,375,2,10.52,90024,VINILANDIA USA             
2908,Buchanans Deluxe 18 Yr Old,69.99,750mL,750,1,53.84,3960,DIAGEO NORTH AMERICA INC   
6655,Carlo Rossi Paisano Calif,6.99,1500mL,1500,2,4.79,3252,E & J GALLO WINERY         
8258,Campari,27.99,750mL,750,1,21.05,11567,CAMPARI AMERICA            
26078,Locations CA Red,23.99,750mL,750,2,16.21,4425,MARTIGNETTI COMPANIES
17063,Ch Tanunda Gr Barossa Cab Sv,15.99,750mL,750,2,10.66,516,BANFI PRODUCTS CORP        
885,Arrow Apricot Brandy,7.99,750mL,750,1,6.05,8352,LUXCO INC                  
120,Tarantula Azul Tequila Gift,13.99,750mL,750,1,10.44,5992,MCCORMICK DISTILLING CO    
18740,Robert Sinskey Aries Pnt Nr,30.99,750mL,750,2,19.6,10754,PERFECTA WINES             
19940,Bogle Petite Sirah,10.99,750mL,750,2,6.57,4425,MARTIGNETTI COMPANIES
19494,Lincourt Lindsays Pnt Nr,14.99,750mL,750,2,10.13,4425,MARTIGNETTI COMPANIES
19166,Stemmari Sangiovese,5.79,750mL,750,2,3.83,9165,ULTRA BEVERAGE COMPANY LLP 
18550,Merry Edwards Olivet Lane,79.99,750mL,750,2,52.62,4425,MARTIGNETTI COMPANIES
42933,Valckenberg Rsl,12.99,750mL,750,2,8.6,10754,PERFECTA WINES             
13396,Side Yard Sweet Red,10.99,750mL,750,2,7.14,90024,VINILANDIA USA             
10229,Pinecroft Chard Cal,3.29,750mL,750,2,2.25,9815,WINE GROUP INC             
24755,Sokol Blosser Evolution Pnt,21.99,750mL,750,2,7.79,4425,MARTIGNETTI COMPANIES
23856,Pezzi King Cab Svgn Dry Crk,21.99,750mL,750,2,14.76,9165,ULTRA BEVERAGE COMPANY LLP 
12116,Lindemans Bin 85 Pnt Grigio,11.99,1500mL,1500,2,7.74,4425,MARTIGNETTI COMPANIES
17369,Gattinara Red,20.99,750mL,750,2,13.54,7749,R.P.IMPORTS INC            
515,Hirsch Selection Bourbon,35.99,750mL,750,1,25.36,9165,ULTRA BEVERAGE COMPANY LLP 
13097,Menage a Trois Chard,9.99,750mL,750,2,5.99,8892,TRINCHERO FAMILY ESTATES   
2048,The London No 1 Gin,34.99,750mL,750,1,22.21,653,STATE WINE & SPIRITS   
2563,Greenore Irish Whiskey,49.99,750mL,750,1,34.61,12546,JIM BEAM BRANDS COMPANY    
13931,Ghost Pines Znfdl L Martini,16.99,750mL,750,2,9.33,3252,E & J GALLO WINERY         
1835,Knappogue Castle Irish Whsky,26.99,750mL,750,1,19.7,1485,CASTLE BRANDS CORP.        
44370,Gallo Twin Vly Moscato,9.99,1500mL,1500,2,6.75,3252,E & J GALLO WINERY         
36553,Calina Carmenere RSV Chile,9.99,750mL,750,2,6.57,10000,MAJESTIC FINE WINES        
24142,Tablas Creek Patelin Blanc,21.99,750mL,750,2,15.17,4425,MARTIGNETTI COMPANIES
3285,Svedka Strawberry Colada,9.99,750mL,750,1,7.29,1392,CONSTELLATION BRANDS INC   
8923,Taylor Lake Country Wh,7.99,3000mL,3000,2,5.26,1392,CONSTELLATION BRANDS INC   
39228,Eponymous Cab Svgn Napa,44.99,750mL,750,2,29.79,4425,MARTIGNETTI COMPANIES
23752,Ch Gloria St Julien 12,48.99,750mL,750,2,23.52,10754,PERFECTA WINES             
16466,Gerard Bertrand Gr Terrier R,16.99,750mL,750,2,11.33,9552,M S WALKER INC             
5215,TGI Fridays Long Island Iced,12.99,1750mL,1750,1,9.41,4466,AMERICAN VINTAGE BEVERAGE  
4201,Calico Jack Silver Rum,12.99,1750mL,1750,1,9.55,12546,JIM BEAM BRANDS COMPANY    
25810,La Croix Belle Champ du Coq,8.99,750mL,750,2,6.2,9165,ULTRA BEVERAGE COMPANY LLP 
19364,Luigi Bosca Chard,16.99,750mL,750,2,11.72,9744,FREDERICK WILDMAN & SONS   
20681,A Bichot Clos des Mouches,69.99,750mL,750,2,46.35,9165,ULTRA BEVERAGE COMPANY LLP 
33210,Sycamore Lane Cab Svgn Cal,8.49,1500mL,1500,2,5.74,8892,TRINCHERO FAMILY ESTATES   
2665,Dewars White Label,19.99,750mL,750,1,15.38,480,BACARDI USA INC            
32908,Sterling Vintners Cltn Merlo,9.95,750mL,750,2,6.55,1590,DIAGEO CHATEAU ESTATE WINES
3182,Black Fig Vodka,31.99,750mL,750,1,22.85,9552,M S WALKER INC             
21447,Ch Leoville Barton St Julien,92.99,750mL,750,2,59.99,10754,PERFECTA WINES             
13941,Dom du Grand Tinel Ch d Pape,44.99,750mL,750,2,30.4,4425,MARTIGNETTI COMPANIES
27276,Zaccagnini Rsl,8.99,750mL,750,2,6.12,2000,SOUTHERN GLAZERS W&S OF NE 
17315,Damilano Cannubi Barolo,79.99,750mL,750,2,54.05,9552,M S WALKER INC             
17187,The Messenger Telegram Red 2,16.99,750mL,750,2,11.03,10754,PERFECTA WINES             
3162,Burnett's Peach Vodka,0.99,50mL,50,1,0.76,3924,HEAVEN HILL DISTILLERIES   
18967,Sprinkle Red Blend,5.99,750mL,750,2,3.97,3252,E & J GALLO WINERY         
23040,Aquilon 06 Garnacha de Borja,119.99,750mL,750,2,59.2,9552,M S WALKER INC             
15010,Ninety+Cellars Lot 28 Pnt Nr,15.99,750mL,750,2,10.52,4950,LATITUDE BEVERAGE COMPANY  
22431,Jos Faiveley Chablis AC 12,26.99,750mL,750,2,17.76,9744,FREDERICK WILDMAN & SONS   
20091,Dos Minas Malbec,11.99,750mL,750,2,5.51,90017,THE IMPORTED GRAPE LLC     
18822,Sterling Carneros Pnt Nr,19.99,750mL,750,2,13.33,1590,DIAGEO CHATEAU ESTATE WINES
5837,Leroux Cherry Brandy,7.99,750mL,750,1,6.24,12546,JIM BEAM BRANDS COMPANY    
5741,Merry Wh Chocolate Liqueur,12.99,750mL,750,1,9.77,7153,PINE STATE TRADING CO      
254,DeKuyper Root Beer Schnapps,10.99,1000mL,1000,1,8.79,12546,JIM BEAM BRANDS COMPANY    
7874,Sutter Home Cab Svgn,5.99,750mL,750,2,3.99,8892,TRINCHERO FAMILY ESTATES   
25104,Nickel&Nickel Truchard Chard,46.99,750mL,750,2,30.91,4425,MARTIGNETTI COMPANIES
36344,Latour Pinot Noir Valmoissin,12.99,750mL,750,2,8.72,9552,M S WALKER INC             
25465,Benziger Tribute Estate Red,59.99,750mL,750,2,39.99,9815,WINE GROUP INC             
685,Caravan Cab Svgn,49.99,750mL,750,2,32.46,17033,SEA BREEZE CELLARS LLC     
18734,Little Black Dress Divalicio,8.99,750mL,750,2,6.03,516,BANFI PRODUCTS CORP        
23161,Loft Cab Svgn,29.99,3000mL,3000,2,13.69,2242,DELICATO VINEYARDS INC     
3780,Three Olives Raspberry Vodk,12.99,750mL,750,1,10.31,7245,PROXIMO SPIRITS INC.       
12139,Silver Oak Cab Svgn Napa Vly,219.99,1500mL,1500,2,149.65,4425,MARTIGNETTI COMPANIES
3420,New Amsterdam Coconut Vodka,9.99,750mL,750,1,7.93,3252,E & J GALLO WINERY         
20344,Milbrandt Merlot Columbia Vy,15.99,750mL,750,2,9.2,653,STATE WINE & SPIRITS   
42735,Magnificent Wine Co House Re,13.99,750mL,750,2,8.1,4425,MARTIGNETTI COMPANIES 
44339,Irony Merlot Napa,12.99,750mL,750,2,8.9,2242,DELICATO VINEYARDS INC     
108,Mr Boston Peppermint Schnaps,6.49,1000mL,1000,1,4.77,660,SAZERAC NORTH AMERICA INC. 
4091,Mount Gay Black Barrel Rum,27.99,750mL,750,1,21.7,7239,REMY COINTREAU USA INC     
10452,Line 39 Lk Cnty Petite Sirah,9.99,750mL,750,2,6.07,7153,PINE STATE TRADING CO      
19936,Prendo Pnt Grigio,10.99,750mL,750,2,7.53,653,STATE WINE & SPIRITS   
16478,Poema Cava Rose,11.99,750mL,750,2,7.94,4692,KOBRAND CORPORATION        
18014,Argyle Brut,21.99,750mL,750,2,13.6,4425,MARTIGNETTI COMPANIES
15825,Octave Vino Verde White,8.99,750mL,750,2,5.99,7153,PINE STATE TRADING CO      
16989,Red Diamond Malbec,11.99,750mL,750,2,6.07,8673,STE MICHELLE WINE ESTATES  
23195,Gary Farrell RRV Pnt Nr,39.99,750mL,750,2,27.58,4425,MARTIGNETTI COMPANIES
26460,Golan Heights Yarden Cab Svg,34.99,750mL,750,2,23.33,10754,PERFECTA WINES             
46201,Petite Petit Phillips Lodi,17.99,750mL,750,2,11.25,4425,MARTIGNETTI COMPANIES
2886,Buchanans Deluxe 12Yr Scotch,61.99,1750mL,1750,1,49.2,3960,DIAGEO NORTH AMERICA INC   
199,Wisdom & Warter Cream Sherry,9.99,750mL,750,1,3.87,516,BANFI PRODUCTS CORP        
20506,Citran Haut-Medoc,28.99,750mL,750,2,19.86,10754,PERFECTA WINES             
23208,Ch La Paws Red Blend,10.99,750mL,750,2,7.43,1590,DIAGEO CHATEAU ESTATE WINES
22183,Ninety+Cellars Lot 112 Svgn,9.99,750mL,750,2,6.89,4950,LATITUDE BEVERAGE COMPANY  
16054,Il Borro Toscana,44.99,750mL,750,2,29.79,2000,SOUTHERN WINE & SPIRITS NE 
2087,Uncle Val's Peppered Gin,36.99,750mL,750,1,25.18,653,STATE WINE & SPIRITS   
26288,Spy Valley Rose,18.99,750mL,750,2,10.8,90024,VINILANDIA USA             
21254,Renwood Timberline Znfdl,21.99,750mL,750,2,14.28,4425,MARTIGNETTI COMPANIES
26268,Tasca Grillo Cavallo DOC,15.99,750mL,750,2,10.32,2000,SOUTHERN WINE & SPIRITS NE 
23015,Marietta Clrs ARME Red,24.99,750mL,750,2,16.89,7153,PINE STATE TRADING CO      
563,Berkshire Mtn Greylock Gin,31.99,750mL,750,1,25.59,9552,M S WALKER INC             
25877,Ravage Cab Svgn,14.99,750mL,750,2,9.67,1392,CONSTELLATION BRANDS INC   
36540,Liberty Creek Prem RSV Merlo,7.99,1500mL,1500,2,5.36,3252,E & J GALLO WINERY         
45874,Gallo Twin Vly Pnt Grigio,5.49,187mL 4 Pk,187,2,3.76,3252,E & J GALLO WINERY         
10164,Andre Bourgogne Pnt Nr RSV,15.99,750mL,750,2,10.45,10754,PERFECTA WINES             
24327,La Crema Pnt Nr Sonoma Cst,19.99,750mL,750,2,13.1,10000,MAJESTIC FINE WINES        
19695,Ch Bernadotte 10 Haut Medoc,34.99,750mL,750,2,23.8,2000,SOUTHERN WINE & SPIRITS NE 
19042,The Path Chardonnay,11.99,750mL,750,2,6.66,90047,CRUSH WINES                
26694,Dom Ch Moreau Chablis 14 Cls,76.99,750mL,750,2,51.67,9744,FREDERICK WILDMAN & SONS   
26088,R Mondavi Maestro Red Napa V,54.99,750mL,750,2,34.01,1392,CONSTELLATION BRANDS INC   
18827,Carmel Road Chard Liberated,7.99,750mL,750,2,5.19,9552,M S WALKER INC             
3614,Finlandia Vodka,19.99,1750mL,1750,1,15.99,1128,BROWN-FORMAN CORP          
23201,Sterling Vntnr Coll Rose Ltd,12.99,750mL,750,2,6.66,1590,DIAGEO CHATEAU ESTATE WINES
2944,The Glenlivet Founders Res,44.99,750mL,750,1,32.14,17035,PERNOD RICARD USA          
10631,Little Black Dress Pnt Nr,8.99,750mL,750,2,6.2,516,BANFI PRODUCTS CORP        
2096,The Macallan Edition No 1,99.99,750mL,750,1,78.12,2561,EDRINGTON AMERICAS         
12656,Merriam Vyds Miktos Red,37.99,750mL,750,2,23.64,10754,PERFECTA WINES             
2743,Linkwood 15 Yr Old Sngl Malt,79.99,750mL,750,1,62.49,4425,MARTIGNETTI COMPANIES
21757,Jovino Pnt Nr Williamete Vly,13.99,750mL,750,2,9.65,4425,MARTIGNETTI COMPANIES
43737,Menage a Trois Rose Blend,9.99,750mL,750,2,5.88,8892,TRINCHERO FAMILY ESTATES   
42642,The Monterey Vyds Pnt Nr,11.99,750mL,750,2,8.21,1590,DIAGEO CHATEAU ESTATE WINES
15332,Whitehaven Svgn Bl,12.49,750mL,750,2,8.55,3252,E & J GALLO WINERY         
25535,Ch de Reynaud Cotes du Bourg,18.99,750mL,750,2,12.25,4425,MARTIGNETTI COMPANIES
39437,Columbia Crest Two Cab Svgn,6.99,750mL,750,2,4.51,8673,STE MICHELLE WINE ESTATES  
25964,MacRostie Pnt Nr Sonoma Cst,27.99,750mL,750,2,18.29,4425,MARTIGNETTI COMPANIES
12646,Blackbird Vyds Arise Red,52.99,750mL,750,2,34.19,10754,PERFECTA WINES             
23895,Lindemans Bin 50 Shiraz,7.99,750mL,750,2,5.4,4425,MARTIGNETTI COMPANIES
25190,Sixto Chardonnay,35.99,750mL,750,2,23.52,10754,PERFECTA WINES             
7436,Belle de Brillet Pear Liquer,49.99,750mL,750,1,37.03,4692,KOBRAND CORPORATION        
29902,Au Bon Climate Pnt Nr,21.99,750mL,750,2,14.86,9552,M S WALKER INC             
18275,Sartori Valpolicella Cls,11.99,750mL,750,2,8.21,516,BANFI PRODUCTS CORP        
34439,Toad Hollow Mendocino Chard,15.99,750mL,750,2,8.38,9552,M S WALKER INC             
42080,Evans Nine Stones Brs Shiraz,13.99,750mL,750,2,9.39,1587,VINEYARD BRANDS INC        
45840,White Oak Merlot Napa,24.99,750mL,750,2,16.33,17037,Dunn Wine Brokers          
41862,Rex Goliath Shiraz,5.99,750mL,750,2,4.1,1392,CONSTELLATION BRANDS INC   
46011,Folonari Pnt Nr Venezie,12.99,1500ml,1500,2,8.9,9744,FREDERICK WILDMAN & SONS   
8119,Pinnacle Grape Vodka,12.99,750mL,750,1,10.39,12546,JIM BEAM BRANDS COMPANY    
44715,Drouhin St Veran,17.99,750mL,750,2,12.32,4425,MARTIGNETTI COMPANIES
23267,Siduri Pnt Nr 13 Clos Pepe,46.99,750mL,750,2,30.71,9552,M S WALKER INC             
2134,Canadian Ltd,2.49,375mL,375,1,1.93,660,SAZERAC NORTH AMERICA INC. 
44755,Bollinger Brut Grande Annee,131.99,750mL,750,2,89.79,4425,MARTIGNETTI COMPANIES
22007,Schmitt Sohne Auslese Michls,15.99,750mL,750,2,10.8,9552,M S WALKER INC             
5259,Blue Chair Bay Coconut Rum,16.99,750mL,750,1,13.38,6213,MHW LTD                    
17041,Sutter Home Pink Moscato,9.99,1500mL,1500,2,5.26,8892,TRINCHERO FAMILY ESTATES   
718,Hiram Walker Mango,10.49,1000mL,1000,1,8.07,17035,PERNOD RICARD USA          
23101,Steelhead Red,9.99,750mL,750,2,6.53,4425,MARTIGNETTI COMPANIES
19518,Hugel Riesling,19.99,750mL,750,2,10.32,9744,FREDERICK WILDMAN & SONS   
819,Scoresby Scotch,11.99,1000mL,1000,1,8.56,3960,DIAGEO NORTH AMERICA INC   
28238,Banfi Pnt Grigio Rime,10.99,750mL,750,2,5.95,516,BANFI PRODUCTS CORP        
530,Smirnoff Fluffed Marshmallow,14.99,1000mL,1000,1,11.27,3960,DIAGEO NORTH AMERICA INC   
18539,Banknote Counterfeit,19.99,750mL,750,2,12.74,90047,CRUSH WINES                
11150,Fish Eye Rsl,7.99,750mL,750,2,5.47,9815,WINE GROUP INC             
13081,Dom Ferret Pouilly Fuisse,32.99,750mL,750,2,20.25,4692,KOBRAND CORPORATION        
870,Carpano Antica Formula,29.99,1000mL,1000,2,17.64,9165,ULTRA BEVERAGE COMPANY LLP 
415,Jose Cuervo Especial,20.99,1000mL,1000,1,13.04,7245,PROXIMO SPIRITS INC.       
18619,Merry Edwards RRV Pnt Nr,33.99,375mL,375,2,22.22,4425,MARTIGNETTI COMPANIES
21573,Casal Garcia Vinho Verde Ros,6.99,750mL,750,2,4.76,4425,MARTIGNETTI COMPANIES
2720,Canadian Regal Apple,11.99,1750mL,1750,1,9.52,9552,M S WALKER INC             
11774,Diamond Crk Cab Svgn Volcanc,224.99,750mL,750,2,148.02,4425,MARTIGNETTI COMPANIES
4138,Sea Hagg Amber Rum,27.99,750mL,750,1,22.21,8150,SEA HAGG DISTILLERY LLC    
21259,Paul Hobbs Crossbarn Rose PN,18.99,750mL,750,2,12.66,4425,MARTIGNETTI COMPANIES
16523,Calma Rioja,15.99,750mL,750,2,10.52,10754,PERFECTA WINES             
649,Sauza Tres Generaciones Pla,36.99,750mL,750,1,28.67,12546,JIM BEAM BRANDS COMPANY    
14344,Sassy Bitch Pnt Noir,11.99,750mL,750,2,8.21,7153,PINE STATE TRADING CO      
4939,Kapali Coffee,17.99,1750mL,1750,1,11.59,8004,SAZERAC CO INC             
31070,Treana Red Calif,24.99,750mL,750,2,12.98,4425,MARTIGNETTI COMPANIES
14416,J Lohr Falcons Perch Pnt Nr,12.99,750mL,750,2,8.9,4425,MARTIGNETTI COMPANIES
36153,Edna Valley Paragon Pnt Nr,13.99,750mL,750,2,9.58,3252,E & J GALLO WINERY         
3661,Smirnoff Sours Fruit Punch,0.99,50mL,50,1,0.72,3960,DIAGEO NORTH AMERICA INC   
18635,Castello d Cacchiano Chianti,19.99,750mL,750,2,13.51,10754,PERFECTA WINES             
21419,Round Hill Comm Man Cab Svgn,7.99,750mL,750,2,5.47,4425,MARTIGNETTI COMPANIES
15968,Kunde Chard Sonoma Cnty,12.99,750mL,750,2,8.38,4425,MARTIGNETTI COMPANIES
44172,Neil Ellis Sincerely Shiraz,8.99,750mL,750,2,6.03,1587,VINEYARD BRANDS INC        
17263,Lincourt Courtney's Chard,10.99,750mL,750,2,7.28,4425,MARTIGNETTI COMPANIES
41321,Bogle Phantom Red Cal,16.95,750mL,750,2,10.94,4425,MARTIGNETTI COMPANIES
12586,C Y Toro Frontera Malbec,8.99,1500mL,1500,2,4.82,516,BANFI PRODUCTS CORP        
28954,Anthology Conn Crk Cab Napa,38.99,750mL,750,2,25.15,8673,STE MICHELLE WINE ESTATES  
4521,Appleton Estate Reserve Rum,22.99,750mL,750,1,16.66,11567,CAMPARI AMERICA            
290,Aberlour A'Bunadh Sngle Malt,49.99,750mL,750,1,39.05,17035,PERNOD RICARD USA          
22535,Jadot Vosne Romanee 12,59.99,750mL,750,2,25.32,4692,KOBRAND CORPORATION        
22861,K Vintners Syrah The Hidden,69.99,750mL,750,2,45.15,10754,PERFECTA WINES             
18743,Ca'Momi Merlot Napa Valley,9.99,750mL,750,2,6.8,10754,PERFECTA WINES             
25124,Jadot Burgundy Hills Wh 14,10.99,750mL,750,2,7.14,4692,KOBRAND CORPORATION        
38197,La Carraia Sangiovese Umbri,11.99,750mL,750,2,8.05,2000,SOUTHERN WINE & SPIRITS NE 
22470,Stellar Organics Merlot,12.99,750mL,750,2,8.84,10754,PERFECTA WINES             
17186,Columna Albarino,13.99,750mL,750,2,9.33,10754,PERFECTA WINES             
8892,R Mondavi Cab Svgn Napa,26.99,750mL,750,2,17.0,1392,CONSTELLATION BRANDS INC   
38526,Seghesio Arneis RRV,18.99,750mL,750,2,7.53,4425,MARTIGNETTI COMPANIES
15482,C Y Toro Frontera Carmenere,8.99,1500mL,1500,2,5.96,516,BANFI PRODUCTS CORP        
26704,Summers Calistoga Cab Svgn N,24.99,750mL,750,2,16.89,9552,M S WALKER INC             
39974,Loimer Lois Gruner Veltliner,13.99,750mL,750,2,9.26,9552,M S WALKER INC             
19586,Ch Godeau St Emilion 10 Cru,41.99,750mL,750,2,28.76,7749,R.P.IMPORTS INC            
24971,Hugel Gentil White,13.49,750mL,750,2,7.18,9744,FREDERICK WILDMAN & SONS   
16757,Cardamaro Vino Amaro,17.99,750mL,750,2,11.76,653,STATE WINE & SPIRITS   
15650,Cuvee de Pena Rose,11.99,750mL,750,2,7.84,10754,PERFECTA WINES             
13251,Apaltagua Envero Gran Rsv,15.49,750mL,750,2,9.24,90017,THE IMPORTED GRAPE LLC     
8545,DeKuyper Rouge Raspberry,14.99,750mL,750,1,11.9,12546,JIM BEAM BRANDS COMPANY    
2034,Glendalough Double Barrel,32.99,750mL,750,1,21.32,388,ATLANTIC IMPORTING COMPANY 
43547,Carlo Rossi RSV Wh Znfdl Cal,7.99,1500mL,1500,2,5.51,3252,E & J GALLO WINERY         
4282,Capt Morgan White Pineapple,14.99,750mL,750,1,9.69,3960,DIAGEO NORTH AMERICA INC   
3816,Smirnoff Light Strwberry Sor,9.99,750mL,750,1,7.4,3960,DIAGEO NORTH AMERICA INC   
2512,The Macallan 12 Yr Old,34.99,375mL,375,1,25.36,2561,EDRINGTON AMERICAS         
4272,Smith & Cross Jamacian Rum,27.99,750mL,750,1,20.43,653,STATE WINE & SPIRITS   
3660,Deep Eddy Ruby Red Vodka,27.99,1750mL,1750,1,21.05,3924,HEAVEN HILL DISTILLERIES   
46297,Intorcia Marsala Dry,11.99,1000mL,1000,2,7.74,90024,VINILANDIA USA             
8526,Chambord Royale de France,27.99,750mL,750,1,20.43,1128,BROWN-FORMAN CORP          
21687,Mezzacorona Chard,7.99,1500mL,1500,2,5.29,9165,ULTRA BEVERAGE COMPANY LLP 
13109,Ridge Monte Bello 11 Cab Svg,155.99,750mL,750,2,102.62,4425,MARTIGNETTI COMPANIES
1023,Hennessy VSOP Cognac + 50mL,45.99,750mL,750,1,35.93,8112,MOET HENNESSY USA INC      
23472,Dom Vocoret & Fils Chabls 13,18.99,750mL,750,2,11.48,1590,DIAGEO CHATEAU ESTATE WINES
20765,Furlan Malbec,29.99,750mL,750,2,19.47,90017,THE IMPORTED GRAPE LLC     
14967,Villa Montefioro Cab/Sangio,11.49,750mL,750,2,7.46,10754,PERFECTA WINES             
23379,Luiano Sangiovese,11.99,750mL,750,2,7.99,9165,ULTRA BEVERAGE COMPANY LLP 
6402,Avion Silver Tequila,41.99,750mL,750,1,29.62,17035,PERNOD RICARD USA          
942,Glenmorangie Nectar D'Or,64.99,750mL,750,1,45.45,8112,MOET HENNESSY USA INC      
35578,Alamos Ridge Cab Svgn Mendza,9.99,750mL,750,2,4.57,3252,E & J GALLO WINERY         
654,McCormick Citrus Vodka,6.99,1000mL,1000,1,5.3,5992,MCCORMICK DISTILLING CO    
23273,Apothic Crush,9.99,750mL,750,2,6.45,3252,E & J GALLO WINERY         
25820,La Roche Trouee Red 14,11.99,750mL,750,2,8.05,9165,ULTRA BEVERAGE COMPANY LLP 
23936,Morel Bjls-Vlgs Emeringes,14.99,750mL,750,2,9.86,90024,VINILANDIA USA             
1076,Capt Morgan Jack O Blast,0.99,50mL,50,1,0.76,3960,DIAGEO NORTH AMERICA INC   
34388,Kesselstatt Rsl RK QbA Mosel,16.99,750mL,750,2,9.93,10754,PERFECTA WINES             
19768,B & G CDP Rose,13.99,750mL,750,2,7.28,8735,SURVILLE ENTERPRISES CORP  
26762,Chalk Hill Pnt Nr Sonoma Cst,14.49,750mL,750,2,9.72,4425,MARTIGNETTI COMPANIES
42952,Asamai Shuzo Heavens Door,29.99,720mL,720,2,19.73,653,STATE WINE & SPIRITS   
27219,Poggio Antico 11 Brun Altero,79.99,750mL,750,2,53.33,7153,PINE STATE TRADING CO      
44893,Dusted Vly Pitch Cab Svgn,16.99,750mL,750,2,11.48,90011,FORTUNE WINE BROKERS LLC   
34842,Hopler Zweigelt Austria,19.99,750mL,750,2,12.9,10754,PERFECTA WINES             
27319,W Selyum Pnt Nr Hirsch Vyd,119.99,750mL,750,2,77.41,10754,PERFECTA WINES             
26105,Spottswoode Svgn Bl Napa Vly,35.99,750mL,750,2,24.32,4425,MARTIGNETTI COMPANIES
22913,Jean-Marc Morey Beaune Greve,53.99,750mL,750,2,36.23,90010,VINEXTRA INC               
17940,Butterfly Kiss Chard,2.99,750mL,750,2,1.93,1590,DIAGEO CHATEAU ESTATE WINES
903,Bombay Sapphire Gin,24.99,1000mL,1000,1,18.79,480,BACARDI USA INC            
27783,Jadot Chorey Beaumonts 14,31.99,750mL,750,2,21.19,4692,KOBRAND CORPORATION        
990,Ethyl Alcohol 200 Proof,134.49,3750mL,3750,1,105.07,54,AAPER ALCOHOL & CHEMICAL CO
21732,Terre du Lion Saint-Julien,39.99,750mL,750,2,25.97,4425,MARTIGNETTI COMPANIES
13550,Z Znfdl Tom Eddy,52.99,500mL,500,2,34.45,9165,ULTRA BEVERAGE COMPANY LLP 
4289,Silver Root Marley Rum,14.99,750mL,750,1,10.78,4550,KLIN SPIRITS LLC           
407,Hancock Rsv Bourbon,49.99,750mL,750,1,39.36,8004,SAZERAC CO INC             
18565,Red Diamond Pnt Nr,11.99,750mL,750,2,5.95,8673,STE MICHELLE WINE ESTATES  
21408,Ramon Cardova Garnacha,17.99,750mL,750,2,11.99,4425,MARTIGNETTI COMPANIES
45521,Nasiakos Nemea Rd,20.99,750mL,750,2,13.81,12331,STELLAR IMPORTING CO LLC   
21777,Ch La Rame Brdx Rouge,15.99,750mL,750,2,10.95,90010,VINEXTRA INC               
20016,Camelot Pnt Nr,8.99,750mL,750,2,5.88,7153,PINE STATE TRADING CO      
27273,Albatros Malbec Cahors,13.99,750mL,750,2,9.58,5455,MARSALLE COMPANY           
19508,Louis Latour Marsannay Bl AC,14.99,750mL,750,2,9.8,9552,M S WALKER INC             
19236,Tasca D'Almerita Lamuri Nero,18.99,750mL,750,2,11.64,2000,SOUTHERN WINE & SPIRITS NE 
25511,Schug Chard Carneros,17.99,750mL,750,2,12.16,4425,MARTIGNETTI COMPANIES
23769,Ch Pape Clement 12 Pess-Leog,111.99,750mL,750,2,73.68,10754,PERFECTA WINES             
1186,Evan Williams Single Barrel,24.99,750mL,750,1,17.98,3924,HEAVEN HILL DISTILLERIES   
19806,Exem Brdx,11.99,750mL,750,2,7.84,90024,VINILANDIA USA             
12803,Ravenswood Vntrs Blend Znfdl,18.99,1500mL,1500,2,11.25,1392,CONSTELLATION BRANDS INC   
41629,Heron Pnt Nr Cal,15.99,750mL,750,2,9.08,4425,MARTIGNETTI COMPANIES
41409,Ben Marco Malbec,17.99,750mL,750,2,12.41,9165,ULTRA BEVERAGE COMPANY LLP 
5185,Irish Manor Irish Cream,19.99,1750mL,1750,1,14.61,4380,CHARLES JACQUIN ET CIE INC 
39593,Redwood Creek Pnt Nr Cal,9.99,1500mL,1500,2,6.33,3252,E & J GALLO WINERY         
23418,Castello Di Bolgheri Super,59.99,750mL,750,2,41.09,9552,M S WALKER INC             
5138,Fireball Cinnamon Whisky,13.99,750mL,750,1,11.1,8004,SAZERAC CO INC             
16153,Villa Mount Eden Gran Rs Pnt,12.49,750mL,750,2,8.55,8673,STE MICHELLE WINE ESTATES  
22599,Antica Fratta Franciacorta B,29.99,750mL,750,2,18.91,9165,ULTRA BEVERAGE COMPANY LLP 
4429,Capt Morgan Silver Spicd Rum,22.99,1750mL,1750,1,17.31,3960,DIAGEO NORTH AMERICA INC   
15645,Obsidian Ridge Cab Svgn,28.99,750mL,750,2,19.99,9552,M S WALKER INC             
24405,Ch Sociando Mallet 06 Haut-M,29.99,375mL,375,2,20.54,10754,PERFECTA WINES             
5025,Tres Leches Cream Liqueur,13.99,750mL,750,1,11.19,9625,WESTERN SPIRITS BEVERAGE CO
27792,Jadot Rully Blanc 14,25.99,750mL,750,2,17.1,4692,KOBRAND CORPORATION        
15589,Right Hand Man Syrah,17.99,750mL,750,2,11.68,90047,CRUSH WINES                
14363,Educated Guess Cab Svgn Napa,20.99,750mL,750,2,13.51,4425,MARTIGNETTI COMPANIES
6967,Santa Margherita Pnt Grigio,19.99,750mL,750,2,11.89,4425,MARTIGNETTI COMPANIES
3607,Smirnoff Citrus Vodka,0.99,50mL,50,1,0.72,3960,DIAGEO NORTH AMERICA INC   
21864,Dom Carneros Brut,22.99,750mL,750,2,15.23,4692,KOBRAND CORPORATION        
24703,Kenwood J London Cab Svgn,22.99,750mL,750,2,15.43,17035,PERNOD RICARD USA          
39473,Acorn Cve Alegria Russ Syrah,27.99,750mL,750,2,18.49,10754,PERFECTA WINES             
23807,Couly-Dutheil Chinon Rose,19.99,750mL,750,2,12.66,10754,PERFECTA WINES             
27132,Luigi Bosca Malbec 13,18.99,750mL,750,2,12.83,9744,FREDERICK WILDMAN & SONS   
37526,Redwood Creek Pnt Grigio,6.29,750mL,750,2,4.31,3252,E & J GALLO WINERY         
18304,Satellite Svgn Blanc Marlbor,12.99,750mL,750,2,5.82,90024,VINILANDIA USA             
29648,Hartley & Gibson Fino Dry S,13.99,750mL,750,2,9.08,9552,M S WALKER INC             
8520,Brady's Irish Cream,15.99,1750mL,1750,1,12.3,1485,CASTLE BRANDS CORP.        
26867,Roger Didier Raimbault Sance,29.99,750mL,750,2,20.68,4425,MARTIGNETTI COMPANIES
19436,Jean Luc Colombo Ruchets 10,69.99,750mL,750,2,46.35,6785,PALM BAY INTERNATIONAL INC 
20292,Louis Jadot Mercurey 11,26.99,750mL,750,2,17.53,4692,KOBRAND CORPORATION        
473,Ciroc Peach Vodka,33.99,1000mL,1000,1,26.55,3960,DIAGEO NORTH AMERICA INC   
16460,Gerard Bertrand Pnt Nr Rsv,11.99,750mL,750,2,8.16,9552,M S WALKER INC             
16817,H3 Horse Heaven Hills Chard,14.99,750mL,750,2,7.33,8673,STE MICHELLE WINE ESTATES  
24529,Joseph Drouhin Mersault,55.99,750mL,750,2,38.35,4425,MARTIGNETTI COMPANIES
2656,Cutty Sark,24.99,1750mL,1750,1,19.52,2561,EDRINGTON AMERICAS         
3050,Bowman Vodka,8.99,1750mL,1750,1,6.51,8004,SAZERAC CO INC             
45839,White Oak Chard RRV,22.99,750mL,750,2,15.33,17037,Dunn Wine Brokers          
2834,Old Smuggler P E T,15.99,1750mL,1750,1,12.3,8320,SHAW ROSS INT L IMP LTD    
19687,BT Termanthia 10 Toro Red,153.99,750mL,750,2,101.31,8112,MOET HENNESSY USA INC      
19124,Ch la Cour d'Argent Bordeaux,34.99,750mL,750,2,23.97,1703,ALISA CARR BEVERAGES           
16991,Ch Bellevue St-Emil 09 Gr Cr,97.99,750mL,750,2,46.66,4425,MARTIGNETTI COMPANIES
12443,Kim Crawford Svgn Bl Marlbro,9.99,375mL,375,2,6.7,1392,CONSTELLATION BRANDS INC   
2579,Stillhouse Apple Crisp Moons,22.99,750mL,750,1,16.9,6830,PARK STREET IMPORTS LLC    
42881,La Bastarda Pnt Gr Sicily,7.99,750mL,750,2,3.92,10754,PERFECTA WINES             
23214,White Knight Viognier,12.99,750mL,750,2,7.18,653,STATE WINE & SPIRITS   
16441,Bota Box RedVolution,17.99,3000mL,3000,2,10.96,2242,DELICATO VINEYARDS INC     
2770,Hudson Single Malt Whiskey,39.99,375mL,375,1,31.0,3664,WILLIAM GRANT & SONS INC   
1556,Kahlua w/50mL Absolut+Glass,21.99,750mL,750,1,14.84,17035,PERNOD RICARD USA          
43481,Peter Paul Cab Svgn Napa,34.99,750mL,750,2,21.99,10754,PERFECTA WINES             
24484,Little Boomey Chard,11.49,1500mL,1500,2,7.51,8892,TRINCHERO FAMILY ESTATES   
495,Sweet Carolina Sweet Tea Vdk,15.99,1000mL,1000,1,12.49,8004,SAZERAC CO INC             
3597,UV Sangria Vodka,8.99,750mL,750,1,6.51,9206,PHILLIPS PRODUCTS CO.      
46146,Gallo Pnt Nr Pavia,9.99,1500mL,1500,2,6.66,3252,E & J GALLO WINERY         
8621,Sho Chiku Bai Takara Sake,6.29,750mL,750,1,4.59,8920,TAKARA SAKE USA INC        
825,Johnnie Walker Black Label,41.99,1000mL,1000,1,29.99,3960,DIAGEO NORTH AMERICA INC   
3794,Cabo Wabo Reposado Tequila,36.99,750mL,750,1,27.77,11567,CAMPARI AMERICA            
21510,Mezzacorona Cab Svgn,10.99,1500mL,1500,2,7.48,9165,ULTRA BEVERAGE COMPANY LLP 
26885,Jolivet Sancerre,19.99,750mL,750,2,13.07,9744,FREDERICK WILDMAN & SONS   
26594,Felton Road Pnt Nr Calvert,68.99,750mL,750,2,45.39,2000,SOUTHERN WINE & SPIRITS NE 
1515,Old Overholt,15.99,750mL,750,1,10.14,12546,JIM BEAM BRANDS COMPANY    
23946,Ch La Cardone Medoc 09,19.99,750mL,750,2,13.6,7153,PINE STATE TRADING CO      
8447,Studebaker Old Fashioned RTD,23.99,750mL,750,1,16.92,3960,DIAGEO NORTH AMERICA INC   
24510,Tin Barn Svgn B Hi Vista Vyd,15.99,750mL,750,2,10.8,1650,Circa Wines                
13458,Ch Ste Michelle Harvest Rsl,8.99,750mL,750,2,5.99,8673,STE MICHELLE WINE ESTATES  
16484,Layer Cake Centrl Cst Pnt Nr,15.99,750mL,750,2,10.52,4425,MARTIGNETTI COMPANIES
1057,Russian Standard Glass Pack,19.99,750mL,750,1,14.7,10050,Russian Standard Vodka     
4763,Ron Zacapa XO Rum,109.99,750mL,750,1,83.96,3960,DIAGEO NORTH AMERICA INC   
846,Chinaco Anejo Tequila,66.99,750mL,750,1,52.34,9165,ULTRA BEVERAGE COMPANY LLP 
19867,Tierra de Antes Malbec Mndza,10.99,750mL,750,2,3.1,90024,VINILANDIA USA             
12515,Jean Luc Columbo Syrah VDP,12.99,750mL,750,2,8.44,6785,PALM BAY INTERNATIONAL INC 
8115,Bacardi Light Pina Colada,18.99,1750mL,1750,1,14.28,480,BACARDI USA INC            
16896,Nicolas Catena Zapata Mendza,109.99,750mL,750,2,71.42,9552,M S WALKER INC             
1964,Jim Beam Single Barrel,29.99,750mL,750,1,23.07,12546,JIM BEAM BRANDS COMPANY    
3065,Three Olives Grape Vodka,0.99,50mL,50,1,0.71,7245,PROXIMO SPIRITS INC.       
14102,Douglass Hill Pnt Grigio,5.99,750mL,750,2,4.02,4425,MARTIGNETTI COMPANIES
25689,Nisia 13 O V Verdejo Rueda,8.99,750mL,750,2,6.03,9552,M S WALKER INC             
25289,Notre Dame Cousignac Vent 14,6.99,750mL,750,2,4.66,9165,ULTRA BEVERAGE COMPANY LLP 
16351,Girls in the Vineyard Cab S,18.99,750mL,750,2,12.83,10754,PERFECTA WINES             
10723,R M Woodbridge Chard,8.99,1500mL,1500,2,6.2,1392,CONSTELLATION BRANDS INC   
34219,Simi Merlot,16.99,750mL,750,2,11.18,1392,CONSTELLATION BRANDS INC   
19828,Cesari Fiorile Pnt Grigio,7.99,750mL,750,2,5.33,9165,ULTRA BEVERAGE COMPANY LLP 
20067,Ch Bellevue Mondotte 10 Brdx,519.99,750mL,750,2,353.73,2000,SOUTHERN WINE & SPIRITS NE 
3545,Ketel One Vodka,29.99,1750mL,1750,1,21.89,3960,DIAGEO NORTH AMERICA INC   
