VendorNumber,VendorName,InvoiceDate,PONumber,PODate,PayDate,Quantity,Dollars,Freight,Approval
7240,"PREMIUM PORT WINES, INC.   ",2024-11-05,12694,2024-10-20,2024-12-03,48,352.95,1.73,
1392,CONSTELLATION BRANDS INC   ,2024-04-28,9749,2024-04-12,2024-05-26,34773,225706.96,1196.25,
6215,MOONLIGHT MEADERY          ,2024-11-28,12955,2024-11-07,2024-12-22,70,634.11,2.85,
4425,MARTIGNETTI COMPANIES ,2024-01-23,8383,2024-01-07,2024-02-29,104,987.34,4.64,
8352,LUXCO INC                  ,2024-05-29,10205,2024-05-13,2024-06-24,4314,31768.74,152.49,
2555,DISARONNO INTERNATIONAL LLC,2024-11-01,12619,2024-10-16,2024-12-06,1965,22699.66,118.04,
9815,WINE GROUP INC             ,2024-10-10,12340,2024-09-26,2024-11-25,14554,89941.85,458.7,
1587,VINEYARD BRANDS INC        ,2024-12-25,13409,2024-12-07,2025-02-05,2647,21465.16,113.77,
1485,CASTLE BRANDS CORP.        ,2024-10-03,12258,2024-09-23,2024-11-15,35,462.49,2.54,
388,ATLANTIC IMPORTING COMPANY ,2024-02-03,8497,2024-01-17,2024-03-08,83,2028.52,9.53,
17035,PERNOD RICARD USA          ,2024-10-10,12352,2024-09-27,2024-11-12,34936,478178.46,2390.89,Frank Delahunt
5270,MANGO BOTTLING INC         ,2024-10-14,12329,2024-09-26,2024-11-11,455,3230.07,15.5,
2496,DUGGANS DISTILLED PRODUCTS ,2024-11-26,12967,2024-11-08,2024-12-25,227,2968.18,14.54,
1392,CONSTELLATION BRANDS INC   ,2024-07-05,10847,2024-06-25,2024-08-16,12037,83617.29,409.72,
1590,DIAGEO CHATEAU ESTATE WINES,2024-12-19,13257,2024-11-28,2025-01-16,7498,56106.29,286.14,
9260,TY KU LLC                  ,2024-05-31,10271,2024-05-17,2024-06-30,23,197.8,1.09,
10754,PERFECTA WINES             ,2024-02-07,8594,2024-01-22,2024-03-16,12895,126698.89,646.16,
516,BANFI PRODUCTS CORP        ,2024-12-23,13413,2024-12-08,2025-01-21,3867,31581.13,161.06,
17035,PERNOD RICARD USA          ,2024-08-12,11372,2024-07-26,2024-09-12,33291,448082.39,2464.45,Frank Delahunt
1601,VRANKEN AMERICA            ,2024-01-30,8417,2024-01-10,2024-03-07,41,803.6,3.86,
4466,AMERICAN VINTAGE BEVERAGE  ,2024-05-16,10095,2024-05-06,2024-06-27,215,2123.01,11.46,
90027,POVERTY LANE ORCHARDS      ,2024-02-22,8816,2024-02-07,2024-03-30,117,836.73,3.93,
4848,LAIRD & CO                 ,2024-10-18,12492,2024-10-06,2024-11-23,286,2291.8,11.46,
9622,WEIN BAUER INC             ,2024-10-03,12091,2024-09-13,2024-10-29,98,1715.64,7.72,
9751,VINEDREA WINES LLC         ,2024-02-13,8649,2024-01-26,2024-03-26,6,136.32,0.72,
3924,HEAVEN HILL DISTILLERIES   ,2024-10-26,12609,2024-10-14,2024-11-27,6586,51866.88,233.4,
17032,JEWELL TOWNE VINEYARDS     ,2024-09-18,11840,2024-08-28,2024-10-19,107,822.22,3.86,
653,STATE WINE & SPIRITS   ,2024-12-05,13185,2024-11-22,2025-01-21,2459,24267.51,116.48,
2561,EDRINGTON AMERICAS         ,2024-01-08,8175,2023-12-24,2024-02-10,136,5645.24,218.18,
90024,VINILANDIA USA             ,2024-07-20,11121,2024-07-08,2024-08-25,1431,12727.34,70.0,
90027,POVERTY LANE ORCHARDS      ,2024-10-04,12204,2024-09-21,2024-11-20,103,815.91,3.75,
8920,TAKARA SAKE USA INC        ,2024-07-19,11021,2024-07-01,2024-08-11,225,1187.63,6.53,
1128,BROWN-FORMAN CORP          ,2024-03-17,9181,2024-03-03,2024-04-18,14855,170276.77,902.47,
5992,MCCORMICK DISTILLING CO    ,2024-04-17,9527,2024-03-27,2024-05-26,466,4638.25,23.19,
7154,PREMIER DISTRIBUTORS       ,2024-10-17,12386,2024-09-29,2024-11-15,105,1485.9,8.02,
11567,CAMPARI AMERICA            ,2024-10-28,12607,2024-10-14,2024-12-04,10850,113416.88,544.4,
90058,ZORVINO VINEYARDS          ,2024-07-10,10775,2024-06-21,2024-08-05,63,472.0,2.36,
3960,DIAGEO NORTH AMERICA INC   ,2024-08-03,11300,2024-07-21,2024-09-14,114609,1225680.18,6373.54,Frank Delahunt
7255,PSP WINES ,2024-04-24,9662,2024-04-05,2024-05-24,253,2006.55,10.23,
2555,DISARONNO INTERNATIONAL LLC,2024-06-20,10584,2024-06-08,2024-07-27,1467,14348.83,67.44,
4692,KOBRAND CORPORATION        ,2024-02-01,8461,2024-01-13,2024-03-09,1516,15167.02,81.9,
5455,MARSALLE COMPANY           ,2024-04-21,9681,2024-04-06,2024-05-31,121,3195.89,16.3,
388,ATLANTIC IMPORTING COMPANY ,2024-07-04,10645,2024-06-13,2024-08-05,11,234.52,1.29,
9751,VINEDREA WINES LLC         ,2024-07-05,10774,2024-06-21,2024-08-21,1,22.72,0.12,
6785,PALM BAY INTERNATIONAL INC ,2024-10-07,12158,2024-09-18,2024-11-19,5546,40541.75,186.49,
8892,TRINCHERO FAMILY ESTATES   ,2024-10-21,12514,2024-10-07,2024-11-23,7050,44307.29,212.67,
90053,INCREDIBREW INC            ,2024-09-04,11672,2024-08-16,2024-10-12,58,503.36,2.62,
9622,WEIN BAUER INC             ,2024-04-23,9638,2024-04-03,2024-05-28,30,418.2,1.92,
4848,LAIRD & CO                 ,2024-02-04,8505,2024-01-17,2024-03-19,265,2168.1,11.71,
7749,R.P.IMPORTS INC            ,2024-04-05,9500,2024-03-24,2024-05-21,2,217.1,1.11,
9815,WINE GROUP INC             ,2024-09-25,12012,2024-09-07,2024-10-28,15945,98200.34,500.82,
3951,HIGHLAND WINE MERCHANTS LLC,2025-01-02,13451,2024-12-11,2025-02-06,240,3955.44,21.75,
1128,BROWN-FORMAN CORP          ,2024-10-08,12256,2024-09-23,2024-11-12,423,5009.04,25.05,
516,BANFI PRODUCTS CORP        ,2024-11-28,12930,2024-11-06,2024-12-22,3989,29645.49,151.19,
6215,MOONLIGHT MEADERY          ,2024-02-11,8699,2024-01-29,2024-03-20,180,1602.48,7.85,
8735,SURVILLE ENTERPRISES CORP  ,2024-10-01,12140,2024-09-16,2024-11-07,61,400.45,2.0,
7240,"PREMIUM PORT WINES, INC.   ",2024-07-03,10660,2024-06-13,2024-08-09,93,686.94,3.23,
17031,FLAG HILL WINERY & VINEYARD,2024-10-17,12416,2024-10-02,2024-12-02,225,3251.36,15.93,
172662,SWEETWATER FARM         ,2024-11-19,12866,2024-10-31,2024-12-20,36,776.88,3.81,
9625,WESTERN SPIRITS BEVERAGE CO,2024-12-12,13235,2024-11-25,2025-01-16,1839,9289.23,44.59,
5455,MARSALLE COMPANY           ,2024-05-18,10027,2024-05-01,2024-06-21,167,4249.67,22.52,
105,ALTAMAR BRANDS LLC         ,2024-10-31,12634,2024-10-17,2024-12-08,6,214.26,1.03,
172662,SWEETWATER FARM         ,2024-07-01,10676,2024-06-14,2024-08-08,6,116.4,0.64,
90047,CRUSH WINES                ,2024-01-27,8420,2024-01-11,2024-03-02,520,4392.3,20.2,
28776,TALL SHIP DISTILLERY LLC   ,2024-07-27,11203,2024-07-14,2024-09-01,456,10159.08,54.86,
1273,CALEDONIA SPIRITS INC      ,2024-01-06,8172,2023-12-24,2024-02-15,5,146.8,15.53,
1590,DIAGEO CHATEAU ESTATE WINES,2024-06-16,10498,2024-06-02,2024-07-31,4129,35072.08,185.88,
90057,WALPOLE MTN VIEW WINERY    ,2024-07-21,11092,2024-07-06,2024-08-31,12,127.08,0.64,
2242,DELICATO VINEYARDS INC     ,2024-07-09,10798,2024-06-23,2024-08-20,3112,24297.34,133.64,
9622,WEIN BAUER INC             ,2024-01-24,8337,2024-01-04,2024-02-23,29,399.12,2.08,
90010,VINEXTRA INC               ,2024-10-20,12502,2024-10-06,2024-11-26,102,1839.96,8.83,
1189,BULLY BOY DISTILLERS       ,2024-11-12,12793,2024-10-27,2024-12-21,119,2593.35,13.23,
1590,DIAGEO CHATEAU ESTATE WINES,2024-10-06,12194,2024-09-21,2024-11-19,10462,69104.53,373.16,
9206,PHILLIPS PRODUCTS CO.      ,2024-04-24,9632,2024-04-03,2024-05-27,711,5283.27,28.53,
9165,ULTRA BEVERAGE COMPANY LLP ,2024-07-10,10911,2024-06-25,2024-08-20,7437,80783.22,411.99,
4380,CHARLES JACQUIN ET CIE INC ,2024-07-04,10845,2024-06-25,2024-08-09,138,1111.37,5.22,
90011,FORTUNE WINE BROKERS LLC   ,2024-03-29,9395,2024-03-18,2024-05-10,93,733.77,3.6,
4550,KLIN SPIRITS LLC           ,2024-01-07,8196,2023-12-25,2024-02-17,7,98.49,9.65,
3950,"HOOD RIVER DISTILLERS, Inc.",2024-04-22,9677,2024-04-06,2024-05-22,18,388.44,1.86,
1587,VINEYARD BRANDS INC        ,2024-11-15,12887,2024-11-01,2024-12-28,2366,17466.9,94.32,
1128,BROWN-FORMAN CORP          ,2024-12-03,13077,2024-11-15,2025-01-04,16165,226877.57,1202.45,
12331,STELLAR IMPORTING CO LLC   ,2024-05-16,9965,2024-04-26,2024-06-09,96,687.84,3.16,
8735,SURVILLE ENTERPRISES CORP  ,2024-02-04,8586,2024-01-21,2024-03-19,54,293.56,1.61,
7239,REMY COINTREAU USA INC     ,2025-01-03,13459,2024-12-11,2025-02-05,2597,51161.38,271.16,
11567,CAMPARI AMERICA            ,2025-01-06,13645,2024-12-23,2025-02-06,9745,79904.22,375.55,
2561,EDRINGTON AMERICAS         ,2024-02-17,8708,2024-01-31,2024-03-22,757,23895.63,107.53,
6215,MOONLIGHT MEADERY          ,2024-03-13,9051,2024-02-23,2024-04-24,72,646.08,3.3,
2242,DELICATO VINEYARDS INC     ,2024-07-16,10987,2024-06-30,2024-08-19,5484,40809.87,204.05,
90046,CANDIA VINEYARDS           ,2024-10-19,12436,2024-10-03,2024-11-28,203,2998.95,15.89,
17035,PERNOD RICARD USA          ,2024-04-18,9590,2024-03-31,2024-05-12,20868,275609.94,1488.29,Frank Delahunt
7153,PINE STATE TRADING CO      ,2024-06-18,10505,2024-06-02,2024-07-31,9638,71073.32,348.26,
9625,WESTERN SPIRITS BEVERAGE CO,2024-09-18,11935,2024-09-02,2024-10-21,1754,11133.51,61.23,
480,BACARDI USA INC            ,2024-07-05,10837,2024-06-25,2024-08-12,6718,94479.04,434.6,
9552,M S WALKER INC             ,2024-10-18,12368,2024-09-28,2024-11-20,25328,196908.29,886.09,
17031,FLAG HILL WINERY & VINEYARD,2024-08-03,11284,2024-07-20,2024-09-04,325,4066.13,22.36,
28776,TALL SHIP DISTILLERY LLC   ,2024-10-30,12590,2024-10-12,2024-12-10,30,642.18,3.34,
9552,M S WALKER INC             ,2024-02-26,8865,2024-02-10,2024-04-01,20787,149413.91,821.78,
4950,LATITUDE BEVERAGE COMPANY  ,2024-12-14,13279,2024-11-29,2025-01-17,2153,12942.39,62.12,
4550,KLIN SPIRITS LLC           ,2024-07-24,11032,2024-07-03,2024-08-22,77,1259.93,6.55,
1189,BULLY BOY DISTILLERS       ,2024-01-28,8434,2024-01-12,2024-03-08,30,661.5,3.04,
2242,DELICATO VINEYARDS INC     ,2024-06-07,10381,2024-05-25,2024-07-17,2761,23965.3,131.81,
2242,DELICATO VINEYARDS INC     ,2024-04-12,9494,2024-03-24,2024-05-10,6094,65042.59,318.71,
1003,BRONCO WINE COMPANY        ,2024-04-17,9561,2024-03-30,2024-05-22,24,146.58,0.73,
90056,SWEET BABY VINEYARD        ,2024-03-06,8976,2024-02-17,2024-04-09,84,700.8,3.15,
90047,CRUSH WINES                ,2024-11-08,12687,2024-10-20,2024-12-06,588,9614.46,47.11,
6355,NICHE W & S                ,2024-06-13,10367,2024-05-24,2024-07-16,77,1144.22,5.26,
90052,HAUNTING WHISPER VYDS      ,2024-06-13,10484,2024-06-01,2024-07-21,24,193.32,1.06,
90010,VINEXTRA INC               ,2024-05-04,9885,2024-04-20,2024-06-15,228,2117.28,9.53,
7239,REMY COINTREAU USA INC     ,2024-01-30,8448,2024-01-12,2024-03-06,977,21894.26,98.52,
9815,WINE GROUP INC             ,2024-11-22,12927,2024-11-04,2024-12-27,17109,101293.66,536.86,
6830,PARK STREET IMPORTS LLC    ,2024-11-06,12666,2024-10-18,2024-12-16,172,2707.57,14.89,
3089,SIDNEY FRANK IMPORTING CO  ,2024-02-25,8869,2024-02-10,2024-04-05,3478,26552.78,140.73,
90010,VINEXTRA INC               ,2024-06-27,10663,2024-06-13,2024-07-31,275,2988.56,14.94,
660,SAZERAC NORTH AMERICA INC. ,2024-04-15,9611,2024-04-01,2024-05-25,8063,57966.53,272.44,
105,ALTAMAR BRANDS LLC         ,2024-09-27,11938,2024-09-04,2024-10-26,18,642.78,3.34,
98450,Serralles Usa LLC          ,2024-09-09,11763,2024-08-22,2024-10-20,733,27163.64,122.24,
1128,BROWN-FORMAN CORP          ,2024-07-12,10753,2024-06-20,2024-08-08,15812,209653.2,964.4,
8673,STE MICHELLE WINE ESTATES  ,2024-03-21,9175,2024-03-02,2024-04-20,4986,36046.31,176.63,
4425,MARTIGNETTI COMPANIES,2024-02-14,8696,2024-01-29,2024-03-25,36056,421757.88,2235.32,Frank Delahunt
10050,Russian Standard Vodka     ,2024-05-02,9845,2024-04-18,2024-06-10,60,864.06,4.06,
653,STATE WINE & SPIRITS   ,2024-10-15,12355,2024-09-27,2024-11-25,3417,31228.58,146.77,
17033,SEA BREEZE CELLARS LLC     ,2024-04-19,9612,2024-04-01,2024-05-17,24,877.92,4.3,
10050,Russian Standard Vodka     ,2024-06-30,10726,2024-06-17,2024-08-12,172,2236.64,10.96,
9751,VINEDREA WINES LLC         ,2024-01-09,8204,2023-12-25,2024-02-15,6,136.32,1.23,
9622,WEIN BAUER INC             ,2024-03-29,9300,2024-03-10,2024-05-03,54,1030.32,5.67,
9751,VINEDREA WINES LLC         ,2024-07-11,10948,2024-06-27,2024-08-28,4,90.88,0.48,
8004,SAZERAC CO INC             ,2024-05-09,9924,2024-04-24,2024-06-19,23554,175715.01,861.0,
90032,LABELLE VYDS AND WINERY    ,2024-07-27,11163,2024-07-12,2024-08-30,153,1717.2,9.27,
8320,SHAW ROSS INT L IMP LTD    ,2024-07-29,11149,2024-07-11,2024-09-07,1537,13651.94,66.89,
90010,VINEXTRA INC               ,2024-05-16,9967,2024-04-26,2024-06-21,405,4438.56,22.64,
8673,STE MICHELLE WINE ESTATES  ,2024-09-05,11828,2024-08-26,2024-10-19,12032,89339.06,482.43,
3089,SIDNEY FRANK IMPORTING CO  ,2024-07-11,10792,2024-06-22,2024-08-13,3754,34237.07,154.07,
480,BACARDI USA INC            ,2024-09-06,11748,2024-08-22,2024-10-09,22317,253169.4,1265.85,Frank Delahunt
4425,MARTIGNETTI COMPANIES,2024-11-08,12743,2024-10-24,2024-12-14,42869,516130.15,2477.42,Frank Delahunt
9552,M S WALKER INC             ,2024-07-04,10769,2024-06-21,2024-08-14,24220,181569.2,817.06,
90032,LABELLE VYDS AND WINERY    ,2024-06-17,10519,2024-06-03,2024-07-29,316,3406.04,18.73,
28776,TALL SHIP DISTILLERY LLC   ,2024-03-08,8940,2024-02-15,2024-04-13,11,231.99,1.23,
90024,VINILANDIA USA             ,2024-08-04,11323,2024-07-22,2024-09-05,1121,10623.36,49.93,
90011,FORTUNE WINE BROKERS LLC   ,2024-12-01,13034,2024-11-13,2024-12-31,101,878.31,4.13,
90053,INCREDIBREW INC            ,2024-01-26,8473,2024-01-14,2024-02-28,36,312.96,1.72,
10754,PERFECTA WINES             ,2024-10-17,12496,2024-10-06,2024-11-26,10703,122543.28,637.23,
1273,CALEDONIA SPIRITS INC      ,2024-12-29,13467,2024-12-12,2025-01-26,320,10237.85,46.07,
1587,VINEYARD BRANDS INC        ,2024-10-23,12429,2024-10-02,2024-11-22,1605,11320.2,53.2,
9819,TREASURY WINE ESTATES      ,2024-10-31,12617,2024-10-14,2024-12-02,5600,36575.9,164.59,
4425,MARTIGNETTI COMPANIES,2024-11-06,12714,2024-10-21,2024-12-06,65533,660216.52,3367.1,Frank Delahunt
2555,DISARONNO INTERNATIONAL LLC,2024-03-15,9098,2024-02-26,2024-04-18,1515,15011.21,79.56,
8320,SHAW ROSS INT L IMP LTD    ,2024-10-02,12072,2024-09-12,2024-11-12,1269,12902.18,64.51,
90010,VINEXTRA INC               ,2024-02-11,8672,2024-01-27,2024-03-19,167,1686.02,8.94,
1601,VRANKEN AMERICA            ,2024-04-04,9517,2024-03-25,2024-05-07,2049,18697.11,91.62,
480,BACARDI USA INC            ,2024-11-17,12890,2024-11-02,2024-12-29,40775,574958.37,3047.28,Frank Delahunt
1485,CASTLE BRANDS CORP.        ,2024-02-02,8520,2024-01-18,2024-03-12,1374,22801.47,120.85,
98450,Serralles Usa LLC          ,2024-02-29,8883,2024-02-11,2024-04-06,113,1692.54,7.79,
9552,M S WALKER INC             ,2024-01-30,8462,2024-01-13,2024-03-08,19097,161003.31,772.82,
5270,MANGO BOTTLING INC         ,2024-09-25,12019,2024-09-08,2024-10-30,430,3174.92,14.92,
90047,CRUSH WINES                ,2024-01-07,8126,2023-12-21,2024-02-21,90,854.1,16.7,
90058,ZORVINO VINEYARDS          ,2024-12-03,13091,2024-11-15,2025-01-06,113,892.48,4.64,
6355,NICHE W & S                ,2024-04-28,9778,2024-04-13,2024-06-08,59,870.66,4.53,
1590,DIAGEO CHATEAU ESTATE WINES,2024-08-08,11328,2024-07-24,2024-09-14,1192,8603.27,44.74,
2496,DUGGANS DISTILLED PRODUCTS ,2024-10-12,12346,2024-09-27,2024-11-25,239,3304.3,17.18,
10754,PERFECTA WINES             ,2024-07-09,10884,2024-06-25,2024-08-10,3026,20794.41,99.81,
90047,CRUSH WINES                ,2024-09-27,12129,2024-09-16,2024-11-05,711,7437.62,34.96,
1590,DIAGEO CHATEAU ESTATE WINES,2024-05-31,10313,2024-05-20,2024-06-30,8837,67673.82,311.3,
1265,BLACK ROCK SPIRITS LLC     ,2024-02-10,8676,2024-01-28,2024-03-27,6,84.3,0.44,
4550,KLIN SPIRITS LLC           ,2024-03-29,9336,2024-03-14,2024-05-09,77,1083.39,5.31,
10000,MAJESTIC FINE WINES        ,2024-08-30,11574,2024-08-09,2024-10-02,10461,81877.22,417.57,
9622,WEIN BAUER INC             ,2024-01-08,8189,2023-12-24,2024-02-13,12,228.96,4.76,
2876,CENTEUR IMPORTS LLC        ,2024-09-30,12128,2024-09-16,2024-11-09,30,249.6,1.2,
7240,"PREMIUM PORT WINES, INC.   ",2024-10-24,12442,2024-10-03,2024-11-21,188,1377.4,7.58,
6355,NICHE W & S                ,2024-03-22,9204,2024-03-04,2024-04-21,20,305.2,1.56,
6213,MHW LTD                    ,2024-12-06,13063,2024-11-14,2025-01-10,4034,29137.82,145.69,
98450,Serralles Usa LLC          ,2024-01-27,8428,2024-01-11,2024-03-13,129,1939.08,9.11,
1655,FABRIZIA SPIRITS LLC       ,2024-06-14,10397,2024-05-26,2024-07-08,333,3899.67,17.94,
2561,EDRINGTON AMERICAS         ,2024-11-04,12640,2024-10-17,2024-12-10,2748,74400.59,394.32,
8664,"STOLI GROUP,(USA) LLC      ",2024-03-05,8959,2024-02-16,2024-04-12,3317,50461.92,232.12,
12331,STELLAR IMPORTING CO LLC   ,2024-01-11,8261,2023-12-30,2024-02-12,72,571.2,2.86,
9815,WINE GROUP INC             ,2024-06-09,10376,2024-05-24,2024-07-11,18627,109241.2,513.43,
28776,TALL SHIP DISTILLERY LLC   ,2024-10-18,12447,2024-10-03,2024-11-26,36,756.84,4.16,
4380,CHARLES JACQUIN ET CIE INC ,2025-01-03,13485,2024-12-13,2025-02-01,1063,8806.58,44.91,
3089,SIDNEY FRANK IMPORTING CO  ,2024-10-06,12293,2024-09-23,2024-11-12,42,194.88,0.97,
1485,CASTLE BRANDS CORP.        ,2024-10-28,12577,2024-10-12,2024-11-25,1718,24857.5,121.8,
7240,"PREMIUM PORT WINES, INC.   ",2024-03-16,9206,2024-03-04,2024-04-24,147,1079.52,5.83,
2876,CENTEUR IMPORTS LLC        ,2024-02-21,8795,2024-02-05,2024-03-28,22,191.44,0.88,
90047,CRUSH WINES                ,2024-06-07,10328,2024-05-22,2024-07-22,356,3375.66,15.53,
2876,CENTEUR IMPORTS LLC        ,2024-03-05,8948,2024-02-16,2024-04-03,6,48.3,0.23,
10754,PERFECTA WINES             ,2024-07-11,10991,2024-06-30,2024-08-26,9574,90643.32,407.89,
1273,CALEDONIA SPIRITS INC      ,2024-06-29,10714,2024-06-17,2024-08-04,195,5866.65,26.99,
17032,JEWELL TOWNE VINEYARDS     ,2024-10-25,12475,2024-10-05,2024-12-04,130,1068.51,5.02,
90058,ZORVINO VINEYARDS          ,2024-12-16,13252,2024-11-27,2025-01-18,199,1716.45,8.07,
9815,WINE GROUP INC             ,2024-02-14,8651,2024-01-26,2024-03-15,17267,100778.73,493.82,
6213,MHW LTD                    ,2024-10-26,12545,2024-10-10,2024-12-02,4133,40995.88,221.38,
3924,HEAVEN HILL DISTILLERIES   ,2024-08-16,11349,2024-07-25,2024-09-11,9324,75847.74,417.16,
10000,MAJESTIC FINE WINES        ,2024-09-27,12135,2024-09-16,2024-10-29,5825,47654.82,214.45,
8892,TRINCHERO FAMILY ESTATES   ,2024-12-06,13050,2024-11-13,2025-01-01,6041,38258.14,179.81,
3960,DIAGEO NORTH AMERICA INC   ,2024-02-03,8575,2024-01-21,2024-03-06,94829,823878.62,4531.33,Frank Delahunt
90017,THE IMPORTED GRAPE LLC     ,2024-06-30,10692,2024-06-15,2024-08-13,24,174.0,0.8,
653,STATE WINE & SPIRITS   ,2024-07-15,10994,2024-06-30,2024-08-25,4284,46283.04,254.56,
4425,MARTIGNETTI COMPANIES,2024-08-16,11435,2024-07-31,2024-10-02,53287,573657.32,2983.02,Frank Delahunt
2000,SOUTHERN GLAZERS W&S OF NE ,2024-11-07,12696,2024-10-20,2024-12-13,291,1780.92,9.44,
17031,FLAG HILL WINERY & VINEYARD,2024-07-07,10799,2024-06-23,2024-08-07,214,2957.17,15.08,
8735,SURVILLE ENTERPRISES CORP  ,2024-03-20,9161,2024-03-01,2024-04-27,54,467.76,2.48,
1587,VINEYARD BRANDS INC        ,2024-05-28,10145,2024-05-09,2024-06-26,1883,13331.22,67.99,
2561,EDRINGTON AMERICAS         ,2024-05-26,10127,2024-05-09,2024-06-27,725,23433.74,107.8,
1703,ALISA CARR BEVERAGES           ,2024-03-21,9243,2024-03-08,2024-04-29,2,189.52,0.99,
660,SAZERAC NORTH AMERICA INC. ,2024-07-11,10806,2024-06-23,2024-08-20,7800,55713.49,278.57,
11567,CAMPARI AMERICA            ,2024-03-04,8963,2024-02-17,2024-04-05,12995,135576.01,677.88,
6215,MOONLIGHT MEADERY          ,2024-01-31,8487,2024-01-15,2024-03-02,96,887.16,4.7,
28750,SMOKY QUARTZ DISTILLERY LLC,2024-09-23,12020,2024-09-08,2024-10-28,36,793.44,3.73,
1392,CONSTELLATION BRANDS INC   ,2025-01-03,13646,2024-12-23,2025-02-07,51177,386176.58,1737.79,Frank Delahunt
5270,MANGO BOTTLING INC         ,2024-06-22,10540,2024-06-05,2024-07-22,1257,9035.87,42.47,
8352,LUXCO INC                  ,2024-01-14,8224,2023-12-28,2024-02-22,5715,43820.57,197.19,
4425,MARTIGNETTI COMPANIES,2024-05-02,9808,2024-04-15,2024-06-10,27965,311577.83,1589.05,Frank Delahunt
8673,STE MICHELLE WINE ESTATES  ,2024-12-27,13383,2024-12-06,2025-01-22,7510,63128.69,309.33,
90010,VINEXTRA INC               ,2024-01-04,8205,2023-12-25,2024-02-06,24,176.04,9.41,
4692,KOBRAND CORPORATION        ,2024-10-26,12543,2024-10-10,2024-12-11,2374,31165.25,162.06,
3960,DIAGEO NORTH AMERICA INC   ,2024-08-30,11589,2024-08-10,2024-10-05,119801,1104864.79,5855.78,Frank Delahunt
12331,STELLAR IMPORTING CO LLC   ,2024-10-18,12335,2024-09-26,2024-11-17,36,285.6,1.49,
5270,MANGO BOTTLING INC         ,2024-08-10,11332,2024-07-24,2024-09-17,41,319.8,1.57,
4380,CHARLES JACQUIN ET CIE INC ,2024-02-23,8761,2024-02-03,2024-03-17,833,7874.4,40.95,
7239,REMY COINTREAU USA INC     ,2024-10-10,12227,2024-09-22,2024-11-19,2404,62221.63,298.66,
516,BANFI PRODUCTS CORP        ,2024-07-20,11068,2024-07-05,2024-08-19,3989,26786.41,141.97,
5455,MARSALLE COMPANY           ,2024-09-23,11943,2024-09-04,2024-11-06,168,3553.44,16.35,
10754,PERFECTA WINES             ,2024-05-04,9879,2024-04-20,2024-06-03,7665,74724.66,366.15,
60,ADAMBA IMPORTS INTL INC    ,2024-09-20,11952,2024-09-05,2024-10-27,30,488.1,2.29,
8150,SEA HAGG DISTILLERY LLC    ,2024-05-11,9944,2024-04-25,2024-06-19,175,1858.75,8.92,
90032,LABELLE VYDS AND WINERY    ,2024-02-15,8785,2024-02-04,2024-04-01,287,3125.11,16.25,
8920,TAKARA SAKE USA INC        ,2024-02-06,8531,2024-01-18,2024-03-10,186,834.66,4.34,
1273,CALEDONIA SPIRITS INC      ,2024-07-11,10841,2024-06-25,2024-08-06,39,1198.44,5.99,
4380,CHARLES JACQUIN ET CIE INC ,2024-12-26,13391,2024-12-07,2025-02-01,1419,11217.99,51.6,
2496,DUGGANS DISTILLED PRODUCTS ,2024-09-09,11777,2024-08-23,2024-10-22,743,11450.87,59.54,
10050,Russian Standard Vodka     ,2024-06-22,10595,2024-06-08,2024-08-06,115,1396.0,6.56,
90024,VINILANDIA USA             ,2024-02-23,8775,2024-02-03,2024-03-24,692,6950.75,33.36,
1485,CASTLE BRANDS CORP.        ,2024-11-05,12655,2024-10-18,2024-12-17,1809,26458.82,140.23,
1655,FABRIZIA SPIRITS LLC       ,2024-04-12,9537,2024-03-28,2024-05-13,396,4951.18,22.28,
8673,STE MICHELLE WINE ESTATES  ,2024-01-16,8305,2024-01-01,2024-02-24,6991,52219.32,261.1,
2496,DUGGANS DISTILLED PRODUCTS ,2024-10-30,12596,2024-10-13,2024-11-28,210,2383.88,12.4,
90017,THE IMPORTED GRAPE LLC     ,2024-03-26,9297,2024-03-10,2024-04-22,22,114.18,0.55,
480,BACARDI USA INC            ,2024-08-01,11188,2024-07-14,2024-09-09,58643,792646.81,3804.7,Frank Delahunt
3089,SIDNEY FRANK IMPORTING CO  ,2024-06-20,10627,2024-06-10,2024-08-07,3771,33123.84,172.24,
1273,CALEDONIA SPIRITS INC      ,2024-04-25,9619,2024-04-03,2024-06-02,182,5762.29,28.81,
9815,WINE GROUP INC             ,2024-04-13,9599,2024-03-31,2024-05-26,11679,75226.93,361.09,
90057,WALPOLE MTN VIEW WINERY    ,2024-06-15,10477,2024-05-31,2024-07-16,36,420.36,1.89,
9622,WEIN BAUER INC             ,2024-11-08,12826,2024-10-28,2024-12-21,129,1024.83,5.12,
1650,Circa Wines                ,2024-10-18,12469,2024-10-05,2024-11-29,12,99.24,0.48,
9206,PHILLIPS PRODUCTS CO.      ,2024-08-27,11616,2024-08-11,2024-10-02,1414,17931.19,87.86,
8004,SAZERAC CO INC             ,2024-03-29,9365,2024-03-16,2024-05-10,17653,104643.36,481.36,
3664,WILLIAM GRANT & SONS INC   ,2024-11-17,12897,2024-11-02,2024-12-24,4871,91235.95,447.06,
9206,PHILLIPS PRODUCTS CO.      ,2024-12-27,13493,2024-12-13,2025-02-04,587,7552.4,39.27,
172662,SWEETWATER FARM         ,2024-11-06,12682,2024-10-19,2024-12-06,7,140.27,0.76,
98450,Serralles Usa LLC          ,2024-11-13,12805,2024-10-27,2024-12-25,184,2550.96,11.99,
1265,BLACK ROCK SPIRITS LLC     ,2024-04-22,9641,2024-04-04,2024-05-28,3,42.15,0.23,
10754,PERFECTA WINES             ,2024-08-04,11235,2024-07-17,2024-09-09,15829,140492.64,646.27,
12546,JIM BEAM BRANDS COMPANY    ,2024-08-22,11464,2024-08-02,2024-09-22,72999,487618.33,2389.33,Frank Delahunt
4550,KLIN SPIRITS LLC           ,2024-08-17,11496,2024-08-04,2024-09-28,138,2233.63,12.28,
3551,GILMANTON WINERY & VINEYARD,2024-11-15,12905,2024-11-03,2024-12-27,12,124.56,0.66,
7153,PINE STATE TRADING CO      ,2024-10-11,12185,2024-09-20,2024-11-03,15756,145207.55,697.0,
2396,BLACK PRINCE DISTILLERY INC,2024-04-24,9691,2024-04-07,2024-05-31,12,54.0,0.28,
2876,CENTEUR IMPORTS LLC        ,2024-04-14,9534,2024-03-28,2024-05-27,36,237.48,1.19,
4550,KLIN SPIRITS LLC           ,2024-11-07,12712,2024-10-21,2024-12-13,140,2207.45,11.48,
1392,CONSTELLATION BRANDS INC   ,2024-01-30,8419,2024-01-11,2024-03-01,24638,161291.06,758.07,
17037,Dunn Wine Brokers          ,2024-09-19,12015,2024-09-08,2024-11-06,82,981.96,4.81,
90032,LABELLE VYDS AND WINERY    ,2024-11-14,12801,2024-10-27,2024-12-10,179,1895.08,9.48,
4692,KOBRAND CORPORATION        ,2024-07-05,10785,2024-06-22,2024-08-05,1929,24375.48,119.44,
90032,LABELLE VYDS AND WINERY    ,2024-02-26,8904,2024-02-12,2024-04-05,228,2545.32,11.71,
90058,ZORVINO VINEYARDS          ,2024-03-27,9242,2024-03-07,2024-05-02,130,1163.59,5.24,
1703,ALISA CARR BEVERAGES           ,2024-11-23,12977,2024-11-09,2025-01-02,2,155.84,0.83,
90053,INCREDIBREW INC            ,2024-02-23,8901,2024-02-12,2024-04-02,72,637.44,3.44,
2561,EDRINGTON AMERICAS         ,2024-12-20,13339,2024-12-04,2025-02-03,1257,35769.85,182.43,
2450,DJINN SPIRITS LLC          ,2024-02-24,8862,2024-02-10,2024-03-30,30,624.72,3.25,
5455,MARSALLE COMPANY           ,2024-01-19,8275,2023-12-31,2024-02-28,131,3850.37,20.79,
2000,SOUTHERN WINE & SPIRITS NE ,2024-11-02,12681,2024-10-19,2024-12-18,5355,49673.54,233.47,
4848,LAIRD & CO                 ,2024-07-10,10767,2024-06-21,2024-08-14,300,2713.66,14.11,
8664,"STOLI GROUP,(USA) LLC      ",2024-03-16,9160,2024-03-01,2024-04-28,2729,40998.15,204.99,
8892,TRINCHERO FAMILY ESTATES   ,2024-08-09,11309,2024-07-21,2024-09-17,7529,53088.71,244.21,
7153,PINE STATE TRADING CO      ,2024-07-02,10724,2024-06-17,2024-07-29,7378,56701.71,300.52,
28750,SMOKY QUARTZ DISTILLERY LLC,2024-09-20,11914,2024-09-01,2024-10-20,69,1514.04,7.87,
7240,"PREMIUM PORT WINES, INC.   ",2024-06-06,10388,2024-05-25,2024-07-09,107,757.75,3.64,
9819,TREASURY WINE ESTATES      ,2024-07-10,10828,2024-06-24,2024-08-14,9460,56479.66,271.1,
